country,city,longitude,latitude
Afghanistan,Kabul,69.1849082,34.5266431
Albania,Durres,19.4462348,41.313255
Albania,Elbasan,20.0820858,41.1126792
Albania,Korce,20.7772187,40.6158967
Albania,Tirana,19.8184435,41.3281482
Albania,Vlore,19.4912716,40.4707602
Albania,Vrith,19.5422191,42.3314444
Algeria,Algiers,3.0588445,36.7729333
Andorra,Escaldes-Engordany,1.6037711,42.486196
Argentina,Buenos Aires,-58.4440583,-34.6083696
Australia,Adelaide,138.5999312,-34.9281805
Australia,Albany,117.883608,-35.0247822
Australia,Albury,146.9135265,-36.0737734
Australia,Armidale,151.6656564,-30.5144881
Australia,Ayr,147.4044626,-19.5758597
Australia,Bathurst,149.5804943,-33.4166378
Australia,Bream Creek,147.83184,-42.80871
Australia,Brisbane,153.0235009,-27.4689623
Australia,Bunbury,115.636698,-33.3267797
Australia,Busselton,115.3488754,-33.644499
Australia,Campbell Town,147.4958801,-41.9284173
Australia,Canberra,149.1012676,-35.2975906
Australia,Casuarina,130.8823639,-12.3737641
Australia,Central Coast,151.3120675,-33.3117096
Australia,Collie,116.1536169,-33.3591223
Australia,Cygnet,147.0759409,-43.1599075
Australia,Darwin,130.8410469,-12.46044
Australia,Deloraine,146.65993,-41.5250938
Australia,Derby,123.6287226,-17.3031912
Australia,Devonport,146.3613011,-41.1797561
Australia,Exeter,138.4907683,-34.8384893
Australia,Fingal,147.969899,-41.63984
Australia,Geelong,144.3598241,-38.1493248
Australia,Geeveston,146.9275129,-43.1637889
Australia,George Town,146.8238459,-41.1050157
Australia,Geraldton,114.6147159,-28.77035
Australia,Gladstone,151.256132,-23.8431724
Australia,Glenorchy,147.274444,-42.8339024
Australia,Gold Coast,153.4145987,-28.0023731
Australia,Goldfields,151.7067961,-28.477565
Australia,Gretna,146.9369345,-42.6789874
Australia,Gunnedah,150.2036527,-31.0237593
Australia,Hadspen,147.065562,-41.5053768
Australia,Hobart,147.3281233,-42.8825088
Australia,Huonville,147.0502785,-43.0292365
Australia,Illawarra,142.6889049,-37.0681865
Australia,Ipswich,152.7608348,-27.6160323
Australia,Jondaryan,151.5842807,-27.3839245
Australia,Judbury,146.9292578,-42.9945236
Australia,Launceston,147.1373496,-41.4340813
Australia,Lilydale,145.352405,-37.7576639
Australia,Longford,147.1215353,-41.5936936
Australia,Mackay,149.1865149,-21.141956
Australia,Melbourne,144.9631732,-37.8142454
Australia,Midwest,144.7543232,-37.8217077
Australia,Moranbah,148.0432658,-22.0030414
Australia,Mornington,139.3431228,-16.5630285
Australia,Mount Isa,139.4931522,-20.7289898
Australia,Muswellbrook,150.516408,-32.4881159
Australia,Narrabri,149.5571542,-30.3278407
Australia,New Norfolk,147.0615332,-42.7801998
Australia,Newcastle,151.7795348,-32.9192953
Australia,Oatlands,147.3728654,-42.3018682
Australia,Orange,149.0971567,-33.2820463
Australia,Palmerston,149.1194145,-35.1944606
Australia,Perth,115.8605784,-31.9558967
Australia,Port Pirie,138.0058614,-33.1791249
Australia,Queenstown,145.5553843,-42.0801236
Australia,Scottsdale,147.5147988,-41.1603858
Australia,Sheffield,146.3271826,-41.3818415
Australia,Singleton,151.1132887,-32.602355
Australia,Smithton,145.1282245,-40.8415455
Australia,South Launceston,147.1475513,-41.4523634
Australia,Southwest,146.1399994,-42.8499985
Australia,Springwood,150.5655467,-33.7017613
Australia,St Helens,148.2493858,-41.3236306
Australia,Sunshine Coast,153.0933668,-26.6544338
Australia,Sydney,151.2082848,-33.8698439
Australia,Tamworth,150.9290159,-31.0900743
Australia,Townsville,146.8239537,-19.2569391
Australia,Traralgon,146.5381646,-38.1946636
Australia,Triabunna,147.9139308,-42.504035
Australia,Upper Hunter,150.6469825,-31.9812831
Australia,Wagga Wagga,147.3677778,-35.115
Australia,West Ulverstone,146.1599884,-41.1470375
Australia,Westbury,146.8325214,-41.5281494
Australia,Whyalla,137.5843572,-33.0382085
Australia,Wollongong,150.89385,-34.4243941
Australia,Wynnum,153.1659743,-27.4377187
Australia,Wynyard,145.7282223,-40.9875424
Australia,Wyong,151.4256691,-33.2825132
Australia,Yarwun,151.1427291,-23.81179
Austria,Am Rechen,15.1955989,48.2098562
Austria,Amstetten,14.8752424,48.1203262
Austria,Arnoldstein,13.7071246,46.548718
Austria,Bad Ischl,13.6239333,47.7115299
Austria,Bad Voslau,16.2148073,47.9655519
Austria,Biedermannsdorf,16.346171,48.0835028
Austria,Bludenz,9.8219314,47.153037
Austria,Braunau Am Inn,13.0397862,48.2534159
Austria,Brixlegg,11.877229699999999,47.4302395
Austria,Bruck An Der Mur,15.2721668,47.4121987
Austria,Burgfried,13.1150413,47.6815302
Austria,Dalaas,9.9969647,47.1240671
Austria,Deutschlandsberg,15.2137799,46.8146272
Austria,Donawitz,15.0719828,47.3752711
Austria,Dornbirn,9.7423762,47.4136351
Austria,Durnrohr,15.8991336,48.3317967
Austria,Ebenthal,16.7862432,48.4372037
Austria,Ebenthal In Karnten,14.3945521,46.5893053
Austria,Eisenstadt,16.5249288,47.8454821
Austria,Enns,14.4793948,48.2141482
Austria,Feldkirch,9.5981724,47.2375671
Austria,Freistadt,14.5047566,48.5112961
Austria,Furstenfeld,16.0816815,47.0499925
Austria,Galtur,10.1865341,46.9681674
Austria,Ganserndorf,16.7187051,48.3403867
Austria,Gemeinde Imst,10.6755434,47.2064832
Austria,Glinzendorf,16.6405505,48.246471
Austria,Gmunden,13.8003048,47.9185855
Austria,Goss,15.0965162,47.362206
Austria,Graz,15.4382786,47.0708678
Austria,Grossenzersdorf,16.5550407,48.2000977
Austria,Hainburg An Der Donau,16.9422459,48.1466103
Austria,Hall In Tirol,11.5075337,47.2816648
Austria,Hallein,13.0956313,47.6821521
Austria,Hallstatt,13.6486697,47.5621698
Austria,Hartberg,15.9691769,47.2809371
Austria,Haselbach,13.050143,48.2502202
Austria,Heiterwang,10.7458918,47.4458377
Austria,Hermagor,13.3702382,46.6268076
Austria,Herzogberg,14.8946191,46.7101954
Austria,Himberg,16.4398196,48.0820025
Austria,Hochberg,12.3008572,47.6357758
Austria,Hochgossnitz,15.0148955,47.0601559
Austria,Hochst,9.6379578,47.4598203
Austria,Hollabrunn,16.0798033,48.5625384
Austria,Illmitz,16.8008294,47.7610752
Austria,Imst,10.7406982,47.2381536
Austria,Innsbruck,11.3927685,47.2654296
Austria,Jennersdorf,16.1412906,46.9371733
Austria,Judenburg,14.6601079,47.1694082
Austria,Kapfenberg,15.2901669,47.4405481
Austria,Kematen,14.7675296,48.0292938
Austria,Kematen An Der Ybbs,14.7675296,48.0292938
Austria,Klagenfurt,14.3075976,46.623943
Austria,Klagenfurt Am Worthersee,14.3075976,46.623943
Austria,Klochberg,15.9547987,46.7643244
Austria,Klosterneuburg,16.323756,48.30499
Austria,Knittelfeld,14.8297233,47.2147399
Austria,Koflach,15.0850032,47.0644882
Austria,Kramsach,11.8808259,47.4450519
Austria,Krems,15.6003717,48.4108382
Austria,Krems An Der Donau,15.6003717,48.4108382
Austria,Kreuth,14.410047,46.5755033
Austria,Kreuzberg,15.8407306,47.6768702
Austria,Kriegen,13.6668625,48.3902543
Austria,Kufstein,12.1692134,47.582996
Austria,Lamm,14.7666667,46.7666667
Austria,Leibnitz,15.5407005,46.7804762
Austria,Lenzing,12.8169752,47.4463638
Austria,Leoben,15.0947756,47.3805128
Austria,Liezen,14.2420508,47.567685
Austria,Linz,14.286198,48.3059078
Austria,Lustenau,9.6599406,47.4276538
Austria,Lutzmannsburg,16.6402144,47.4637739
Austria,Mistelbach,16.5720327,48.5694535
Austria,Modling,16.2833526,48.0855922
Austria,Murzzuschlag,15.6723805,47.6053538
Austria,Natters,11.3737585,47.2336947
Austria,Neu Baumgarten,15.8542958,48.3285856
Austria,Neusiedl,16.1758702,47.0808286
Austria,Niklasdorf,15.1571394,47.3969055
Austria,Oberschutzen,16.2059206,47.3502046
Austria,Obervellach-West,13.1973831,46.9346686
Austria,Oberwart,16.2124214,47.2861513
Austria,Pamet,15.9135488,48.1122915
Austria,Peggau,15.3451254,47.206807
Austria,Pochlarn,15.2120099,48.2119885
Austria,Purkersdorf,16.1772068,48.2076724
Austria,Radfeld,11.907867,47.4464064
Austria,Rauris,12.9941152,47.2286279
Austria,Reding,14.8448997,46.8243819
Austria,Reichraming,14.4604915,47.8913917
Austria,Rennweg,14.1279829,46.7840536
Austria,Salzburg,13.0464806,47.7981346
Austria,Sankt Andra,14.8236111,46.7661111
Austria,Sankt Johann Im Pongau,13.3,47.3
Austria,Sankt Poelten,15.6229118,48.2043985
Austria,Sankt Polten,15.6229118,48.2043985
Austria,Sankt Valentin,14.5496245,48.1684774
Austria,Sankt Veit An Der Glan,14.3576981,46.7672814
Austria,Schondorf,14.7064248,48.1378653
Austria,Schwaz,11.7084253,47.3449529
Austria,Schwechat,16.4780312,48.1397436
Austria,Schweighof,15.8662963,47.3326933
Austria,Spittal An Der Drau,13.4963308,46.7982211
Austria,St Valentin,14.5496245,48.1684774
Austria,Steinbach,16.3707595,48.538404
Austria,Steyr,14.4191276,48.0390046
Austria,Steyregg,14.3721605,48.2858001
Austria,Stixneusiedl,16.686048,48.0537811
Austria,Stockerau,16.2076303,48.3846124
Austria,Streithofen,15.9399585,48.2761271
Austria,Sulzberg,9.9126664,47.5199748
Austria,Tamsweg,13.8103817,47.1261065
Austria,Ternberg,14.357251,47.9458416
Austria,Thaures,14.9791575,48.6519769
Austria,Traismauer,15.7441868,48.3499106
Austria,Traun,14.2368078,48.2214369
Austria,Tulbingerkogel,16.1544895,48.2719254
Austria,Tulln,16.05179,48.3311702
Austria,Tulln An Der Donau,16.05179,48.3311702
Austria,Unterbergern,15.5495368,48.3755607
Austria,Villach,13.8500268,46.6167284
Austria,Vocklabruck,13.6460378,48.0078587
Austria,Voitsberg,15.1474771,47.0504742
Austria,Vomp,11.683269,47.3422672
Austria,Vosendorf,16.3370676,48.1216028
Austria,Weiz,15.6221694,47.2174206
Austria,Wels,14.0243752,48.1565472
Austria,Wien,16.3725042,48.2083537
Austria,Wiener Neudorf,16.3143717,48.083362
Austria,Wiener Neustadt,16.2441166,47.8131847
Austria,Wildon,15.5145485,46.8873498
Austria,Wolfsberg,14.8452061,46.8390583
Austria,Wolkersdorf,16.5181068,48.3829773
Austria,Worgl,12.0637633,47.4872718
Austria,Zell,14.3743575,46.4742377
Austria,Zell Am See,12.7963165,47.3239636
Austria,Zeltweg,14.7549244,47.1912045
Austria,Ziersdorf,15.9275559,48.5279373
Bahamas,Nassau,-77.3383438,25.0782266
Bahrain,Askar,50.6170822,26.0572253
Bahrain,Hamad Town,50.4983356,26.1267463
Bahrain,Hidd,50.6528891,26.2440537
Bahrain,Ma'ameer,50.6151344,26.1331901
Bahrain,Manama,50.5822436,26.2235041
Bahrain,Zallaq,50.4869845,26.0484553
Bangladesh,Barisal,90.370729,22.7047521
Bangladesh,Chittagong,91.8344348,22.333778
Bangladesh,Dhaka,90.3890144,23.7643863
Bangladesh,Gazipur,90.4173629,23.9997558
Bangladesh,Khulna,89.563759,22.8171664
Bangladesh,Rajshahi,88.5921038,24.3715513
Bangladesh,Sylhet,91.8685271,24.89922
Belarus,Brest,23.6851851,52.093751
Belarus,Gomel,31.0131698,52.4238936
Belarus,Grodno,23.8342648,53.6834599
Belarus,Minsk,27.5618225,53.9024716
Belarus,Mogilev,30.3429838,53.9090245
Belarus,Orsha,30.42944,54.5107734
Belarus,Pinsk,26.1025274,52.1113862
Belarus,Svietlahorsk,29.7483707,52.6322628
Belarus,Vitebsk,30.2070437,55.1930197
Belarus,Zhlobin,30.0368186,52.8909181
Belgium,Aarschot,4.836429,50.9842743
Belgium,Andenne,5.0965468,50.4893981
Belgium,Antwerpen,4.3997081,51.2211097
Belgium,Anzegem,3.4491006,50.829324
Belgium,Assenede,3.7532864,51.2275942
Belgium,Baelen,5.9713469,50.6312854
Belgium,Berchem-Sainte-Agathe,4.2946734,50.8649231
Belgium,Berendrecht,4.319401,51.3455396
Belgium,Bertrix,5.2529266,49.8546564
Belgium,Beveren,4.2577808,51.212611
Belgium,Boom,4.3667216,51.0873789
Belgium,Bree,5.6392807,51.143913
Belgium,Brugge,3.226772,51.2085526
Belgium,Brussels,4.351697,50.8465573
Belgium,Bruxelles,4.351697,50.8465573
Belgium,Charleroi,4.444528,50.4116233
Belgium,Chatelet,4.5243511,50.4046075
Belgium,Chaumont-Gistoux,4.6974182,50.6839808
Belgium,Corroy Le Grand,4.6654806,50.6714622
Belgium,Damme,3.3217195,51.2499641
Belgium,Dessel,5.1128221,51.2390765
Belgium,Destelbergen,3.8134662,51.0378815
Belgium,Diepenbeek,5.4200307,50.9078485
Belgium,Engis,5.3881906,50.5626193
Belgium,Eupen,6.0312717,50.6305665
Belgium,Evergem,3.7108214,51.1429961
Belgium,Geel,4.9903187,51.1610826
Belgium,Genk,5.5001456,50.9654864
Belgium,Gent,3.7250121,51.0538286
Belgium,Geraardsbergen,3.8827287,50.7715779
Belgium,Grimbergen,4.3890967,50.9457843
Belgium,Habay,5.5929465,49.7356402
Belgium,Habay La Neuve,5.6528207,49.730978
Belgium,Hasselt,5.3378043,50.9303735
Belgium,Herstal,5.629981,50.6650412
Belgium,Hoboken,4.3617847,51.1794946
Belgium,Hoevenen,4.4046996,51.3066168
Belgium,Ixelles,4.3668279,50.8331141
Belgium,Kapellen,4.4295354,51.3149455
Belgium,Laakdal,5.0073022,51.0802695
Belgium,Lanaken,5.6513208,50.8892784
Belgium,Landen,5.0813154,50.7530146
Belgium,Liege,5.5736112,50.6450944
Belgium,Limburg,5.9402987,50.6122761
Belgium,Mechelen,4.4803453,51.0281381
Belgium,Menen,3.1670445,50.7937353
Belgium,Moerkerke,3.3410211,51.2454679
Belgium,Mol,5.1155267,51.1840421
Belgium,Molenbeek-Saint-Jean,4.338636,50.8545959
Belgium,Mons,3.951958,50.4549568
Belgium,Namur,4.8661892,50.4665284
Belgium,Oostrozebeke,3.3346877,50.9203965
Belgium,Puurs,4.2817075000000004,51.0762086
Belgium,Retie,5.0843883,51.2675862
Belgium,Roeselare,3.124765,50.9444948
Belgium,Saint-Nicolas,4.1395124,51.1646685
Belgium,Sainte-Ode,5.5595141,50.0166761
Belgium,Schoten,4.4980446,51.2516344
Belgium,Seraing,5.5089437,50.6152381
Belgium,Sint Pieters Leeuw,4.2443604,50.7800261
Belgium,Sint-Lambrechts-Woluwe,4.4256732,50.8430448
Belgium,Somme-Leuze,5.3212257,50.3137229
Belgium,Stabroek,4.3680664,51.3326535
Belgium,Steenokkerzeel,4.5110471,50.9093488
Belgium,Tournai,3.3878179,50.6056458
Belgium,Uccle,4.3338445,50.8035441
Belgium,Veurne,2.6621323,51.0724273
Belgium,Vielsalm,5.9162783,50.2842154
Belgium,Vilvoorde,4.423126,50.928711
Belgium,Viroinval,4.6270287,50.0516361
Belgium,Wachtebeke,3.8574284,51.1701927
Belgium,Wielsbeke,3.3699842,50.9094821
Belgium,Wortegem Petegem,3.5375547,50.8485315
Belgium,Zaventem,4.4730008,50.8806207
Belgium,Zelzate,3.8105002,51.2000036
Belgium,Zemst,4.4650814,50.9842166
Belgium,Zuienkerke,3.156261,51.2652466
Belgium,Zwevegem,3.3755864,50.7828566
Belgium,Zwijndrecht,4.3302898,51.2185443
Bhutan,Kanglung,91.526124,27.2872959
Bhutan,Pasakha,89.4456358,26.841496
Bhutan,Thimphu,89.6336729,27.4713546
Bolivia,Cochabamba,-66.1675681,-17.4012458
Bolivia,La Paz,-68.1336229,-16.4955455
Bolivia,Santa Cruz De La Sierra,-63.1820853,-17.7834217
Bosnia & Herzegovina,Gorazde,18.9759265,43.6684375
Bosnia & Herzegovina,Ilidza,18.3077357,43.8306182
Bosnia & Herzegovina,Jajce,17.2711786,44.3396706
Bosnia & Herzegovina,Lukavac,18.5325309,44.5344136
Bosnia & Herzegovina,Prijedor,16.7131197,44.9805039
Bosnia & Herzegovina,Sarajevo,18.4126147,43.8570713
Bosnia & Herzegovina,Tuzla,18.675193,44.5391105
Bosnia & Herzegovina,Zenica,17.9093012,44.199828
Bosnia & Herzegovina,Zivinice,17.932966,44.9635909
Botswana,Gaborone,25.9088474,-24.6581357
Brazil,Americana,-47.3306032,-22.7392463
Brazil,Aracatuba,-50.4390225,-21.207992
Brazil,Araraquara,-48.1773096,-21.7886713
Brazil,Araucaria,-49.4051209,-25.5861107
Brazil,Barra Mansa,-44.19707,-22.4852784
Brazil,Bauru,-49.0705863,-22.3218102
Brazil,Belo Horizonte,-43.9450948,-19.9227318
Brazil,Betim,-44.1995361,-19.9475338
Brazil,Brasilia,-47.8828,-15.7939869
Brazil,Camacari,-38.3260762,-12.6998188
Brazil,Campinas,-47.059564,-22.9056391
Brazil,Campos,-41.3242,-21.7546
Brazil,Candeias,-45.2763777,-20.7676161
Brazil,Canoas,-51.1799525,-29.9216045
Brazil,Cantagalo,-42.6252197,-18.5271683
Brazil,Carapicuiba,-46.8406808,-23.5234673
Brazil,Cariacica,-40.416549,-20.263202
Brazil,Catanduva,-48.9712817,-21.1331035
Brazil,Charqueadas,-51.6249534,-29.9549088
Brazil,Colombo,-49.2243472,-25.2925439
Brazil,Cubatao,-46.4241869,-23.8857982
Brazil,Curitiba,-49.2712724,-25.4295963
Brazil,Diadema,-46.6246935,-23.6866428
Brazil,Dias D'avila,-38.3028518,-12.6107233
Brazil,Duque De Caxias,-43.309929,-22.7896225
Brazil,Esteio,-51.1778852,-29.8511627
Brazil,Grande Vitoria,-59.2794889,-3.1559361
Brazil,Gravatai,-50.9930938,-29.9440222
Brazil,Guapimirim,-42.9790687,-22.5266308
Brazil,Guarulhos,-46.5277704,-23.4675941
Brazil,Ibirite,-44.0621506,-20.0214251
Brazil,Itaborai,-42.8829561,-22.7558128
Brazil,Itaguai,-43.823563,-22.8122697
Brazil,Jaboticabal,-48.325223,-21.252037
Brazil,Jacarei,-45.9723075,-23.3050682
Brazil,Jai,-48.694811,-26.9108411
Brazil,Japeri,-43.6533831,-22.6427642
Brazil,Jau,-48.559193,-22.293585
Brazil,Jundiai,-46.884506,-23.1887668
Brazil,Limeira,-47.401766,-22.5615068
Brazil,Macae,-41.9649091,-22.2828305
Brazil,Macuco,-42.2539464,-21.9849747
Brazil,Madre De Deus,-38.6152913,-12.7424741
Brazil,Malemba,-38.2619637,-9.3165922
Brazil,Marilia,-49.9500061,-22.2172002
Brazil,Maua,-46.4616922,-23.6669527
Brazil,Nilopolis,-43.4138222,-22.8080114
Brazil,Niteroi,-43.1147,-22.8884
Brazil,Nova Iguacu,-43.4508728,-22.7592175
Brazil,Osasco,-46.7916801,-23.5324859
Brazil,Paulinia,-47.1532213,-22.7630391
Brazil,Piracicaba,-47.6493269,-22.725165
Brazil,Pirassununga,-47.4280861,-21.9980468
Brazil,Porto Real,-44.2896491,-22.4195607
Brazil,Presidente Prudente,-51.3882528,-22.1225167
Brazil,Quatis,-44.2577453,-22.4066444
Brazil,Resende,-44.4463494,-22.4683626
Brazil,Ribeirao Preto,-47.8100983,-21.1776315
Brazil,Rio Claro,-47.5603933,-22.4100108
Brazil,Rio De Janeiro,-43.2093727,-22.9110137
Brazil,Rio Janeiro,-43.2093727,-22.9110137
Brazil,Salvador,-38.4812772,-12.9822499
Brazil,Santa Gertrudes,-47.532034,-22.4590897
Brazil,Santo Andre,-46.5279039,-23.6533509
Brazil,Santos,-46.3286399,-23.9335988
Brazil,Sao Bernardo Do Campo,-46.5506747,-23.7080345
Brazil,Sao Caetano Do Sul,-46.5688323,-23.6195923
Brazil,Sao Goncalo,-42.9956797,-22.821635
Brazil,Sao Joao De Meriti,-43.366715,-22.7853575
Brazil,Sao Jose Do Rio Preto,-49.3804212,-20.8125851
Brazil,Sao Jose Dos Campos,-45.8854538,-23.1867782
Brazil,Sao Paulo,-46.6333824,-23.5506507
Brazil,Seropedica,-43.6991998,-22.7438887
Brazil,Serra,-40.3064477,-20.1252961
Brazil,Sorocaba,-47.4424129,-23.4684836
Brazil,Taboao Da Serra,-46.7790539,-23.6121912
Brazil,Tatui,-47.8490165,-23.3489848
Brazil,Tatuí,-47.8490165,-23.3489848
Brazil,Vila Velha,-40.2920174,-20.3297037
Brazil,Vitoria,-40.3376682,-20.3200917
Brazil,Volta Redonda,-44.1040128,-22.521856
Brunei,Tutong,114.6594998,4.806672
Bulgaria,Asenovgrad,24.8762702,42.0073633
Bulgaria,Blagoevgrad,23.0906457,42.0111077
Bulgaria,Burgas,27.4721276,42.4936616
Bulgaria,Devnya,27.5564948,43.2184213
Bulgaria,Dimitrovgrad,25.5916466,42.0582493
Bulgaria,Dobrich,27.8297415,43.5688397
Bulgaria,Galabovo,25.867346,42.1390164
Bulgaria,Gorna Oryahovitsa,25.6887918,43.1222791
Bulgaria,Haskovo,25.5556639,41.9345727
Bulgaria,Kardzhali,25.3722156,41.643746
Bulgaria,Lovech,24.715431,43.1349971
Bulgaria,Montana,23.2203193,43.4088984
Bulgaria,Nesebar,27.7167464,42.6607865
Bulgaria,Nessebar,27.7167464,42.6607865
Bulgaria,Pazardzhik,24.3318993,42.1884549
Bulgaria,Pernik,23.0309457,42.6092185
Bulgaria,Pirdop,24.1803328,42.7006838
Bulgaria,Pleven,24.6180123,43.409022
Bulgaria,Plovdiv,24.7499297,42.1418541
Bulgaria,Progled,24.71338,41.67769
Bulgaria,Ruse,25.9542057,43.8480413
Bulgaria,Shumen,26.9247362,43.2703797
Bulgaria,Sliven,26.3153528,42.6817633
Bulgaria,Smolyan,24.7010351,41.5768238
Bulgaria,Sofia,23.3217359,42.6977028
Bulgaria,Stara Zagora,25.6257479,42.4248111
Bulgaria,Varna,27.9166653,43.2073873
Bulgaria,Veliko Tarnovo,25.6321312,43.0820584
Bulgaria,Vidin,22.8772194,43.9857242
Bulgaria,Vratsa,23.548027,43.2028209
Bulgaria,Yana,23.5579248,42.7309314
Cameroon,Bafoussam,10.4217852,5.4758844
Cameroon,Bamenda,10.1516505,5.9614117
Canada,Aamjiwnaang,-82.403533,42.9743821
Canada,Abbotsford,-122.329479,49.0521162
Canada,Agassiz,-121.766667,49.233333
Canada,Airdrie,-114.01062,51.28597
Canada,Anzac,-111.0482383,56.4525903
Canada,Ardrossan,-113.143322,53.5517087
Canada,Auclair,-68.644638,47.728702
Canada,Aylesford,-64.8364288,45.028162
Canada,Barrie,-79.6901302,44.3893208
Canada,Bathurst,-65.6537546,47.6208671
Canada,Beaverlodge,-119.4286716,55.2106188
Canada,Belleville,-77.3852556,44.1633264
Canada,Brampton,-79.7599366,43.685832
Canada,Brandon,-99.9608924,49.8511143
Canada,Brantford,-80.2631733,43.1408157
Canada,Breton,-114.4714876,53.1107791
Canada,Brossard,-73.4678695,45.4554579
Canada,Bruderheim,-112.9281172,53.8019065
Canada,Buffalo Narrows,-108.480754,55.863418
Canada,Burlington,-79.7966835,43.3248924
Canada,Burnaby,-122.972545,49.2433804
Canada,Burns Lake,-125.7645032,54.230269
Canada,Bécancour,-72.4335088,46.3415746
Canada,Calgary,-114.057541,51.0456064
Canada,Campbell River,-125.244153,50.023071
Canada,Caroline,-114.7391684,52.0943034
Canada,Carrot Creek,-115.8561599,53.608806
Canada,Castlegar,-117.663574,49.316171
Canada,Charette,-72.924156,46.440696
Canada,Charlottetown,-63.132935,46.234953
Canada,Chatham,-82.1853837,42.4057219
Canada,Chilliwack,-121.95255,49.1709788
Canada,Cold Lake,-110.192871,54.46046
Canada,Conklin,-111.082778,55.6325
Canada,Coquitlam,-122.793281,49.2842958
Canada,Corner Brook,-57.947388,48.95317
Canada,Cornwall,-74.728703,45.0184417
Canada,Courtenay,-124.9954959,49.6894061
Canada,Creston,-116.5129759,49.0971526
Canada,Crofton,-123.644812,48.8608608
Canada,Dartmouth,-63.5720232,44.6799707
Canada,Dawson Creek,-120.2364453,55.7605306
Canada,Debolt,-118.019943,55.2176942
Canada,Delta,-123.057938,49.0846258
Canada,Deschambault,-71.929893,46.6492
Canada,Dorset,-78.8939357,45.2438734
Canada,Drayton Valley,-114.9832127,53.2205548
Canada,Duncan,-123.7080446,48.7786872
Canada,Edmonton,-113.491241,53.5462055
Canada,Edmundston,-68.3288825,47.3637203
Canada,Edson,-116.442847,53.5858662
Canada,Essex,-82.8215468,42.1744783
Canada,Estevan,-102.991075,49.1428076
Canada,Evergreen Park,-66.5864499,45.9548983
Canada,Ferme Neuve,-75.4497514,46.7010748
Canada,Flin Flon,-101.878967,54.769801
Canada,Fort Chipewyan,-111.1500187,58.7166428
Canada,Fort Mckay,-111.6378436,57.1825744
Canada,Fort Mcmurray,-111.3885221,56.7291997
Canada,Fort Saskatchewan,-113.214894,53.7128571
Canada,Fort Smith,-111.890259,60.005852
Canada,Fort St John,-120.846943,56.2524039
Canada,Fredericton,-66.6432356,45.963233
Canada,Gatineau,-75.710976,45.4277659
Canada,Genesee,-114.3050341,53.3414877
Canada,Gibbons,-113.3282658,53.8242258
Canada,Golden,-116.9642955,51.2992217
Canada,Grand Bend,-81.7578162,43.3126644
Canada,Grand Falls Windsor,-55.652618,48.944151
Canada,Grand Forks,-118.4392039,49.0312269
Canada,Grande Prairie,-118.7949873,55.17108
Canada,Guelph,-80.2493276,43.5460516
Canada,Halifax,-63.5859487,44.648618
Canada,Hamilton,-79.8728583,43.2560802
Canada,Hinton,-117.5886772,53.3990512
Canada,Hope,-121.4415851,49.3799779
Canada,Houston,-126.6477077,54.3982667
Canada,Inuvik,-133.720386,68.3602632
Canada,Iqaluit,-68.5213763,63.7492738
Canada,Kamloops,-120.339415,50.6758269
Canada,Kelowna,-119.495902,49.8879177
Canada,Kentville,-64.495212,45.0784875
Canada,Kingston,-76.481323,44.230687
Canada,Kitchener,-80.4927815,43.451291
Canada,Kitimat,-128.6540519,54.0535577
Canada,L'assomption,-73.4222086,45.8307051
Canada,La Dore,-72.649841,48.713619
Canada,La Patrie,-71.2498748,45.4019276
Canada,La Peche,-76.0750227,45.7015528
Canada,Labrador City,-66.9177291,52.9422944
Canada,Lac Edouard,-72.27356,47.658913
Canada,Lamont,-112.781559,53.760803
Canada,Langdale,-123.4743017,49.4340961
Canada,Langley,-122.657047,49.1039289
Canada,Laval,-73.7211779,45.5571125
Canada,Lemieux,-72.110825,46.296899
Canada,Lethbridge,-112.8331033,49.6945782
Canada,Levis,-71.1778792,46.8033114
Canada,London,-81.243372,42.9832406
Canada,Longueuil,-73.4644578,45.521906
Canada,Mackenzie,-123.0926095,55.3243966
Canada,Maple Ridge,-122.599707,49.2197345
Canada,Marystown,-55.1579778,47.1658498
Canada,Medicine Hat,-110.679016,50.04303
Canada,Mission,-122.283583,49.1589351
Canada,Mississauga,-79.6443879,43.5896231
Canada,Moncton,-64.8004265,46.0985679
Canada,Montreal,-73.5698065,45.5031824
Canada,Morrisburg,-75.1829545,44.8977043
Canada,Mount Pearl,-52.811664,47.5239607
Canada,Nanaimo,-123.938122,49.163877
Canada,Nelson,-117.290039,49.494891
Canada,New Westminster,-122.9108818,49.2067726
Canada,Newmarket,-79.461708,44.056258
Canada,Norman Wells,-126.832725,65.282401
Canada,North Bay,-79.4607617,46.3092115
Canada,North Vancouver,-123.0737925,49.3206294
Canada,Notre Dame Du Rosaire,-70.392151,46.825905
Canada,Oakville,-79.666672,43.447436
Canada,Oshawa,-78.8635324,43.8975558
Canada,Osoyoos,-119.466667,49.033333
Canada,Ottawa,-75.6901106,45.4208777
Canada,Parry Sound,-80.0337392,45.3436067
Canada,Petawawa,-77.2826645,45.8984286
Canada,Peterborough,-78.3199496,44.3048009
Canada,Pictou,-62.7082212,45.6777203
Canada,Pitt Meadows,-122.690153,49.2207623
Canada,Port Alberni,-124.8056517,49.2343668
Canada,Port Hawkesbury,-61.3574589,45.6180851
Canada,Port Moody,-122.8293554,49.2821981
Canada,Port Stanley,-81.2121712,42.6660437
Canada,Powell River,-124.524412,49.835676
Canada,Prince Albert,-105.748901,53.201097
Canada,Prince George,-122.7453699,53.9128645
Canada,Quebec,-71.2084061,46.8137431
Canada,Quesnel,-122.493627,52.9794279
Canada,Red Deer,-113.8141464,52.2690628
Canada,Redwater,-113.1124871,53.9527743
Canada,Regina,-104.6158764,50.4479733
Canada,Revelstoke,-118.1956709,50.998045
Canada,Richmond,-123.137414,49.163168
Canada,Rouyn-Noranda,-79.0205378,48.2420524
Canada,Saguenay,-71.069183,48.405959
Canada,Saint Andrews,-67.0516937,45.0749302
Canada,Saint Anicet,-74.3612258,45.1388097
Canada,Saint Faustin Lac Carre,-74.4804645,46.1137385
Canada,Saint Jean Sur Richelieu,-73.2533401,45.3056879
Canada,Saint John,-66.0585188,45.2787992
Canada,Saint Simon,-69.046326,48.203168
Canada,Saint-Zephirin-De-Courval,-72.6259541,46.0588454
Canada,Sarnia,-82.403533,42.9743821
Canada,Saskatoon,-106.660767,52.131802
Canada,Sault Ste Marie,-84.3330301,46.5126554
Canada,Senneterre,-77.242813,48.390458
Canada,Sherbrooke,-71.889038,45.403271
Canada,Sherwood Park,-113.296631,53.5256963
Canada,Simcoe,-80.3039146,42.8372434
Canada,Smithers,-127.1760991,54.7792074
Canada,Southampton,-81.3715844,44.4957386
Canada,Squamish,-123.1342796,49.7588883
Canada,St Albert,-113.628845,53.633239
Canada,St Andrews,-96.9833,50.0714
Canada,St Hilaire De Dorset,-70.857353,45.865389
Canada,St Johns,-80.0800058,43.0754766
Canada,St Lina,-111.452778,54.298611
Canada,St. Catharines,-79.2441003,43.1579812
Canada,Steeper,-117.0927647,53.1455035
Canada,Stukely-Sud,-72.418442,45.321254
Canada,Sudbury,-80.991211,46.49272
Canada,Sunnybrook,-64.3385125,44.4145322
Canada,Surrey,-122.849143,49.1913033
Canada,Swift Current,-107.7984496,50.2849138
Canada,Sydney,-60.1941912,46.1382112
Canada,Taylor,-120.6867691,56.159227
Canada,Terrace,-128.599548,54.5172715
Canada,Terrebonne,-73.6350148,45.6951527
Canada,Thompson,-97.863464,55.743347
Canada,Thorsby,-114.0506558,53.2273921
Canada,Thunder Bay,-89.259796,48.406414
Canada,Tingwick,-71.9438505,45.8813611
Canada,Tiverton,-66.2138548,44.3886196
Canada,Tomahawk,-114.7636632,53.3968979
Canada,Toronto,-79.3839347,43.6534817
Canada,Trail,-117.7097659,49.0945296
Canada,Trois Rivieres,-72.5428485,46.3432325
Canada,Trois-Rivieres,-72.5428485,46.3432325
Canada,Valemount,-119.280579,52.8315124
Canada,Vancouver,-123.113952,49.2608724
Canada,Vanderhoof,-124.0076627,54.0175289
Canada,Varennes,-73.4362737,45.6834691
Canada,Vernon,-119.2718157,50.2668671
Canada,Victoria,-123.364953,48.4283182
Canada,Warburg,-114.3181098,53.1846146
Canada,Wellington,-113.552635,53.5958245
Canada,Whistler,-122.9543022,50.1171903
Canada,Whitehorse,-135.054932,60.721571
Canada,Williams Lake,-122.1397259,52.1292657
Canada,Windsor,-83.0373389,42.3167397
Canada,Winnipeg,-97.1384584,49.8955367
Canada,Yellowknife,-114.377385,62.4540807
Chile,Alto Hospicio,-70.1009162,-20.2700478
Chile,Andacollo,-71.0847556,-30.2322048
Chile,Antofagasta,-70.3980033,-23.6463741
Chile,Arauco,-73.3176399,-37.246248
Chile,Arica,-70.3211394,-18.4785288
Chile,Aysen,-74.2127886,-46.1434629
Chile,Calama,-68.9272181,-22.4623917
Chile,Cerrillos,-70.7158417,-33.5023396
Chile,Cerro Navia,-70.7461548,-33.4252778
Chile,Chiguayante,-73.0237115,-36.9292478
Chile,Chillan,-72.1033194,-36.6066616
Chile,Concepcion,-73.0502064,-36.8270698
Chile,Concon,-71.5159565,-32.9220036
Chile,Copiapo,-70.3322753,-27.3664685
Chile,Coquimbo,-71.3379503,-29.9531851
Chile,Coronel,-73.1561953,-37.0164712
Chile,Coyhaique,-72.0684863,-45.5711804
Chile,Curanilahue,-73.3457069,-37.4758037
Chile,Curico,-71.2393705,-34.985368
Chile,El Bosque,-70.6655679,-33.5561468
Chile,Hualqui,-72.9383874,-36.9759363
Chile,Huasco,-71.2207947,-28.4651248
Chile,Independencia,-70.6554648,-33.422295
Chile,Iquique,-70.1524646,-20.2140657
Chile,La Calera,-71.203546,-32.788981
Chile,La Cruz,-71.2271534,-32.8279116
Chile,La Florida,-70.6006178,-33.5204181
Chile,La Serena,-71.2519545,-29.9027219
Chile,La Union,-73.0820366,-40.2952392
Chile,Las Condes,-70.5671489,-33.4084548
Chile,Linares,-71.5977173,-35.8452905
Chile,Los Andes,-70.5981609,-32.8336867
Chile,Los Angeles,-72.351686,-37.4707455
Chile,Machalì,-70.6511584,-34.182453
Chile,Maule,-71.6918891,-35.521347
Chile,Nacimiento,-72.67311,-37.5018293
Chile,Osorno,-73.1358091,-40.5736955
Chile,Padre Las Casas,-72.5956312,-38.7674245
Chile,Puchuncavi,-71.4150065,-32.7259856
Chile,Pudahuel,-70.8633561,-33.4193729
Chile,Puente Alto,-70.5754736,-33.6095279
Chile,Puerto Montt,-72.9395915,-41.471798
Chile,Punta Arenas,-70.907822,-53.1625688
Chile,Quilicura,-70.7118564,-33.3600426
Chile,Quilpue,-71.4415282,-33.0498135
Chile,Quintero,-71.5283361,-32.7840217
Chile,Rancagua,-70.740718,-34.1702433
Chile,Rengo,-70.8616583,-34.4088744
Chile,Salamanca,-70.9649896,-31.7804674
Chile,San Fernando,-70.989122,-34.583791
Chile,San Pedro De La Paz,-73.1039909,-36.8414183
Chile,Santiago,-70.6504502,-33.4377756
Chile,Talagante,-70.9302778,-33.6644388
Chile,Talca,-71.6660322,-35.4265343
Chile,Talcahuano,-73.1141087,-36.7144863
Chile,Temuco,-72.590538,-38.7358908
Chile,Tocopilla,-70.1960657,-22.0887189
Chile,Tome,-72.9575043,-36.6170801
Chile,Valdivia,-73.2459859,-39.8141262
Chile,Valparaiso,-71.6196749,-33.0458456
Chile,Vina Del Mar,-71.5517636,-33.0244535
China,Aba,101.7023311,32.905775
China,Aihui Qu,127.4931748,50.2504586
China,Aimin Qu,129.5844783,44.5940877
China,Akesu Shi,80.2581875,41.1686701
China,Aksu,80.2581875,41.1686701
China,Aletai Shi,88.1291701,47.8257562
China,Ali,80.1004181,32.4950782
China,Altay,88.1291701,47.8257562
China,Alxa,105.6605393,38.832365
China,Anci Qu,116.6925016,39.5045818
China,Anding Qu,104.6080096,35.5814215
China,Ankang,109.0177837,32.7064648
China,Ankang Shi,109.0177837,32.7064648
China,Anning District,103.7080952,36.1073748
China,Anqing,117.0515956,30.5276161
China,Anqing Shi,117.0515956,30.5276161
China,Anshan,122.9902291,41.1075962
China,Anshun,105.9437773,26.254911
China,Anyang,114.33633,36.1023552
China,Anyuan Qu,113.8671885,27.6189173
China,Atushi Shi,76.166016,39.715261
China,Babu Qu,111.5464663,24.4155435
China,Bagongshan Qu,116.8283129,32.6334388
China,Baicheng,122.8360811,45.6156275
China,Baijiantan Qu,85.260773,45.634206
China,Baise,106.6148824,23.9053605
China,Baishan,126.4183792,41.936895
China,Baita Qu,123.1752151,41.2657393
China,Baiyin,104.1355419,36.5451563
China,Banan Qu,106.5368478,29.4043601
China,Baoding,115.490696,38.8579735
China,Baohe Qu,117.3052493,31.7955295
China,Baoji,107.2322378,34.3609713
China,Baotou,109.944912,40.6174777
China,Baqiao Qu,109.0595199,34.2745674
China,Barkam,102.2045261,31.9078516
China,Bayannur,107.3819572,40.7419202
China,Bayi Qu,94.3599408,29.6386235
China,Bazhong,106.7416618,31.8689322
China,Bazhou Qu,106.764686,31.8537757
China,Beibei,106.3922433,29.8073862
China,Beichen Qu,117.1321099,39.2242752
China,Beidaihe Qu,119.4354373,39.8605725
China,Beihai,109.1165772,21.4845174
China,Beihu,113.0053231,25.7874925
China,Beijing,116.3912972,39.9057136
China,Beilin Qu,108.9361101,34.2584462
China,Beita,111.4464692,27.2488849
China,Bengbu,117.3825673,32.9176422
China,Bengbu Shi,117.3825673,32.9176422
China,Bengshan Qu,117.3657427,32.9182043
China,Benxi,123.7593948,41.2921601
China,Bi Chun Yuan Xiao Qu,116.1382199,40.1438591
China,Bijiang Qu,109.2609112,27.8182643
China,Bijie,105.2865997,27.2858633
China,Bincheng Qu,118.0136196,37.4311343
China,Binhu Qu,120.2790814,31.5300441
China,Binjiang Qu,120.2072296,30.2109815
China,Binzhou,117.9647262,37.3821206
China,Bole Shi,82.0504585,44.8528771
China,Boshan Qu,117.8567023,36.494716
China,Bozhou,115.7730968,33.8490794
China,Bozhou Shi,115.7730968,33.8490794
China,Caidian District,114.0821056,30.5389289
China,Caidian Qu,114.0821056,30.5389289
China,Cangshan Qu,119.3152996,26.0200746
China,Cangzhou,116.8511597,38.3042796
China,Causeway Bay,114.1891587,22.2820777
China,Central,114.1582784,22.2818286
China,Central & Western,114.1487373,22.2748365
China,Chancheng Qu,113.1173438,23.0120197
China,Chang An Lu,114.9126067,38.5516948
China,Changan Qu,108.9023547,34.1598597
China,Changchun,125.3180998,43.8844201
China,Changchun Shi,125.3180998,43.8844201
China,Changde,111.6928724,29.034552
China,Changji,87.2640443,44.0124158
China,Changjiang Qu,117.1783412,29.2760767
China,Changping,116.2250912,40.2196456
China,Changsha,112.9334574,28.2312227
China,Changshu,120.7480757,31.6572954
China,Changyi Qu,126.3417682,43.9936061
China,Changzhi,113.0992929,36.1830167
China,Changzhou,119.9691539,31.8122623
China,Chaoyang,120.4390738,41.5754767
China,Chaozhou,116.6204223,23.656593
China,Cheng Guan Qu,107.390669,34.5235103
China,Chengbei,101.7642971,36.6488647
China,Chengde,117.9567031,40.9507147
China,Chengdu,104.063315,30.659867
China,Chenggong Qu,102.8207599,24.8885797
China,Chenghai Qu,116.7515585,23.4694075
China,Chengxi Qu,101.7638946,36.6281274
China,Chengxiang,118.9898242,25.4215461
China,Chengyang District,120.3913784,36.3042163
China,Chenzhou,113.0094337,25.7733598
China,Chifeng,118.9426564,42.2811677
China,Chikan Qu,110.3621143,21.2686886
China,Chizhou,117.4859885,30.6671088
China,Chong Chuan Qu,120.9483546,31.9341858
China,Chongli Qu,115.2237588,41.0440313
China,Chongqing,108.4034084,30.8101669
China,Chongqing Shi,106.5479189,29.5656729
China,Chongzuo,107.360909,22.38
China,Chuan Sha,121.6926175,31.1952186
China,Chuanhui Qu,114.650556,33.620556
China,Chuanshan,105.5898768,30.5147192
China,Chuanying Qu,126.2868438,43.8474551
China,Chuxiong,101.5446219,25.0359139
China,Chuzhou,118.3139455,32.3027377
China,Conghua Qu,113.5804636,23.5508777
China,Congtai Qu,114.597409,36.6507643
China,Cuiping,104.617174,28.7694264
China,Da Tong Qu,113.6706118,39.8643089
China,Da Xi Gou,84.575107,44.3307321
China,Dachuan Qu,107.5078704,31.1989633
China,Daguan Qu,117.0289484,30.5151307
China,Dali,100.2468841,25.5969683
China,Dalian,121.6098013,38.9130495
China,Dandong,124.3821748,40.1237658
China,Danjiangkou,111.5070101,32.5429981
China,Dantu Qu,119.4284497,32.132661
China,Daoli,126.6133114,45.7538705
China,Daqing,125.1014811,46.5969028
China,Datong,113.2951122,40.0919817
China,Datong Qu,117.0471673,32.6335872
China,Daxiang,111.4334252,27.2245893
China,Daye Shi,114.9748074,30.0985567
China,Dazhou,107.4629791,31.2101038
China,Decheng Qu,116.5706208,37.3358724
China,Dehong,101.7136132,36.0823059
China,Delingha Shi,97.36011,37.3690819
China,Deyang,104.39013,31.1244028
China,Dezhou,116.3534091,37.4363704
China,Dezhou Shi,116.3534091,37.4363704
China,Dianbai Qu,111.1614359,21.6855679
China,Dianjun Qu,111.2510956,30.6811494
China,Diecai District,110.2972181,25.3169103
China,Dingcheng Qu,111.676452,29.0217943
China,Dinghai Qu,122.1025956,30.0215992
China,Dinghu Qu,112.5625362,23.1618953
China,Dingxi,104.6229826,35.5810207
China,Diqing,98.9177313,28.4752009
China,Dongbao,112.1955767,31.05406
China,Dongchangfu,116.0007625,36.4128622
China,Dongcheng,116.4100395,39.9269012
China,Dongfeng District,130.3951437,46.8199766
China,Donggang Qu,119.4565498,35.4265777
China,Dongguan,113.7457788,23.0205969
China,Dongguan Shi,113.7457788,23.0205969
China,Donghu Qu,115.898211,28.7014804
China,Dongli,117.3222355,39.0796183
China,Dongpo Qu,103.8311001,30.0450247
China,Dongqu,113.4105481,22.5189205
China,Dongshan Qu,87.7395034,44.4199514
China,Dongxing Qu,105.1921807,29.6599766
China,Dongying,118.6689349,37.4334738
China,Duanzhou,112.4594872,23.1018396
China,Duilongdeqing Qu,90.7918116,29.7862976
China,Dujiangyan,103.6142723,30.9965254
China,Duodao Qu,112.2024364,30.97622
China,Duyun Shi,107.5144965,26.2631518
China,Eastern,114.2335938,22.2730777
China,Echeng Qu,114.8863775,30.4032944
China,Enshi,109.4746431,30.2974854
China,Erdao Qu,125.3682092,43.862787
China,Erqi Qu,113.6095141,34.6852175
China,Ezhou,114.8898988,30.3925379
China,Fancheng Qu,112.1296298,32.046749
China,Fangchenggang,108.3590243,21.7023451
China,Fangzi Qu,119.1605221,36.6542543
China,Feixi Xian,117.152533,31.7090349
China,Fengman Qu,126.5558731,43.8191188
China,Fengtai Qu,116.2804172,39.8571176
China,Fengtai Xian,116.5745813,32.7750948
China,Fengze,118.6084597,24.8928541
China,Foshan,113.1159558,23.0239788
China,Foshan Shi,113.1159558,23.0239788
China,Fucheng Qu,104.6954637,31.4100672
China,Fukang Shi,87.9684506,44.1497919
China,Fuliang Xian,117.2099191,29.3544265
China,Furong Qu,113.0268336,28.1888541
China,Fushan Qu,121.2624982,37.4975863
China,Fushun,123.924157,41.8692972
China,Fuxin,121.6452868,42.0151733
China,Fuyang,115.8090001,32.8926763
China,Fuzhou,119.2918215,26.0774954
China,Gangbei,109.5682527,23.1143838
China,Gangkou Qu,108.3409124,21.6178882
China,Gangnan Qu,109.5958935,23.0776475
China,Ganjingzi Qu,121.5197879,38.9506821
China,Gannan,123.5009905,47.919492
China,Ganzhou,114.9287362,25.8332103
China,Ganzi,99.9886967,31.6273563
China,Gaochang Qu,89.1829954,42.9409742
China,Gaogang Qu,119.8767474,32.3212738
China,Gaoming Qu,112.8866883,22.9032867
China,Gar County,80.0941222,32.4945168
China,Gonghe Xian,100.6191998,36.2828182
China,Gongjing Qu,104.7018884,29.3364436
China,Gu Cheng Qu,115.1702452,38.4763291
China,Guancheng Huizuqu,113.7488755,34.6956779
China,Guandu Qu,102.8534629,25.0382533
China,Guang Yang Qu,119.6543963,29.0829719
China,Guang'an,106.6286646,30.4593051
China,Guangling Qu,119.4262346,32.3968746
China,Guangyuan,105.8563402,32.4329637
China,Guangzhou,113.2592945,23.1301964
China,Guanshanhu Qu,106.595038,26.6196131
China,Gucheng,115.9646818,37.3490348
China,Guichi Qu,117.5001512,30.5166509
China,Guilin,110.2910622,25.2779894
China,Guixi Shi,117.2401238,28.2947694
China,Guiyang,106.6246178,26.6499922
China,Gulja,81.2747797,43.9052027
China,Gulou Qu,119.2990881,26.0850844
China,Guoluo,96.9103417,31.3582088
China,Gusu Qu,120.6130077,31.3395107
China,Guta Qu,121.1324699,41.1344187
China,Guyuan,106.2379036,36.0148906
China,Haibowan,106.8159686,39.6888615
China,Haidong,102.4085178,36.472664
China,Haigang,119.576706,40.0689463
China,Haikou,110.1956502,20.0462328
China,Hailing,119.9146614,32.493149
China,Haimen,121.1771295,31.8729183
China,Hainan,100.6191998,36.2828182
China,Haishu Qu,121.5464883,29.8765412
China,Haixi,120.0893971,28.3965544
China,Haiyan Xian,120.9972525,30.4532113
China,Haizhou Qu,119.1579052,34.5723543
China,Hami,93.5142008,42.817404
China,Hanbin,109.022175,32.697954
China,Handan,114.4857072,36.6107711
China,Hanjiang,119.3952935,32.3735831
China,Hanshan Qu,114.4453923,36.4927899
China,Hantai,114.8409128,38.3183343
China,Hanting Qu,119.2054018,36.7553782
China,Hanzhong,107.018889,33.069049
China,Harbin,126.6276177,45.7593633
China,Hebei Qu,117.1905706,39.1470599
China,Hebi,114.2912899,35.7494986
China,Hecheng Qu,110.0352784,27.5814523
China,Hechi,108.6325239,24.487992
China,Hedong Qu,117.2456639,39.1272111
China,Hefei,117.281428,31.8665676
China,Hefei Shi,117.281428,31.8665676
China,Hegang,130.2684769,47.3272338
China,Heihe,127.4946896,50.2322239
China,Hengshui,115.6677229,37.7364305
China,Hengyang,112.5666191,26.8971308
China,Heping Qu,123.3938896,41.7453387
China,Heshan Qu,112.3684291,28.5821773
China,Hetang Qu,113.1674387,27.8596128
China,Hetian,79.920893,37.1110359
China,Hexi Qu,117.2171655,39.1084771
China,Heyuan,114.6954482,23.746777
China,Heze,115.4464761,35.2477266
China,Hezhou,111.5618542,24.4073814
China,Hezuo Shi,102.90827,35.0013957
China,Hohhot,111.6601939,40.8184528
China,Hong Kong,114.1628131,22.2793278
China,Honghe,102.4261514,23.3698404
China,Honghuagang Qu,106.8902187,27.6481215
China,Hongkou,121.5007794,31.2664424
China,Hongqi Qu,113.869064,35.3044906
China,Hongta,102.4974241,24.3117969
China,Hongwei,123.1910699,41.2148213
China,Hotan,79.920893,37.1110359
China,Huadu Qu,113.2148926,23.4065406
China,Huai An,119.0196971,33.5978169
China,Huai'an,119.0196971,33.5978169
China,Huaibei,116.7928916,33.9566098
China,Huaihua,109.9972341,27.5713952
China,Huainan,117.0130019,32.5866826
China,Huaishang Qu,117.3537628,32.9647332
China,Huaiyin,116.8955753,36.6522591
China,Hualong Qu,115.0683893,35.7776658
China,Huancui Qu,122.118165,37.5006278
China,Huangdao Qu,120.1930928,35.9589567
China,Huanggang,114.8673226,30.4560187
China,Huangnan,108.669,23.4437
China,Huangpu Qu,121.479864,31.2335925
China,Huangshan,118.3324811,29.7172627
China,Huangshi,115.0334144,30.2024971
China,Huangshigang Qu,115.0604721,30.2254279
China,Huangzhou Qu,114.8750766,30.4369576
China,Huashan,118.5058733,31.7020193
China,Huaxi Qu,106.657623,26.438812
China,Hubin Qu,111.2035124,34.779345
China,Huhehaote Shi,111.6601939,40.8184528
China,Huicheng Qu,114.3775971,23.0870863
China,Huichuan,106.9300732,27.753498
China,Huiji,113.614013,34.889277
China,Huimin Qu,111.6172239,40.8070394
China,Huinong Qu,106.6357209,39.1660995
China,Huizhou,114.4127007,23.1125153
China,Hulan Qu,126.6013646,45.9733487
China,Huli Qu,118.1420561,24.5146456
China,Huludao,120.8404789,40.7515443
China,Hulunbeier Shi,119.7370167,49.2125235
China,Hulunbuir,119.7370167,49.2125235
China,Hunjiang Qu,126.4102902,41.9423949
China,Hunnan Qu,123.4510455,41.7143118
China,Huojia,113.6433269,35.258
China,Huqiu Qu,120.4290851,31.331282
China,Ji An,114.961355,27.0937349
China,Ji Mo Qu,120.5449857,36.5284594
China,Ji Ning,81.5245233,43.9758097
China,Jiagedaqi Qu,124.1316504,50.4057919
China,Jialing,106.0678068,30.7610467
China,Jiamusi,130.3747185,46.8037423
China,Jiamusi Shi,130.3747185,46.8037423
China,Jian Shi,113.1283685,27.830618
China,Jiancaoping Qu,112.4977653,37.9754171
China,Jiang Nan Da Dao,119.3645755,32.1764989
China,Jiangcheng Qu,111.9499162,21.8647999
China,Jiangmen,113.0761073,22.5816619
China,Jiangmen Shi,113.0761073,22.5816619
China,Jiangyang Qu,105.4314293,28.8815355
China,Jiangyin,120.2808847,31.9215518
China,Jiangzhou Qu,107.4596528,22.5571351
China,Jianshan Qu,131.150909,46.6392248
China,Jianxi Qu,112.3893731,34.6589228
China,Jianye Qu,118.7271009,32.0063836
China,Jiaocheng,112.1539251,37.5545852
China,Jiaojiang Qu,121.4385711,28.6758042
China,Jiaonan,119.5250701,26.6593488
China,Jiaozhou,120.0284928,36.2640866
China,Jiaozuo,113.2356748,35.2156785
China,Jiawang Qu,117.4592113,34.4372996
China,Jiaxing,120.7510971,30.7474425
China,Jiayuguan,98.2885388,39.7722294
China,Jiedong Qu,116.4071625,23.5691604
China,Jiefang Qu,113.2152587,35.2422958
China,Jieyang,116.3680354,23.553156
China,Jiguan,130.9742213,45.3024982
China,Jilin,126.5438702,43.8349669
China,Jilin Shi,126.5438702,43.8349669
China,Jimei Qu,118.0162089,24.6350425
China,Jimo,120.5348775,36.4083982
China,Jin An Qu,116.534208,31.7517806
China,Jin Qi Lu,120.2552452,30.4444117
China,Jinan,117.1138479,36.6519754
China,Jinchang,102.185973,38.5206719
China,Jincheng,112.8454497,35.4913132
China,Jinchengjiang Qu,108.0331781,24.6923245
China,Jinchuan,102.0624213,31.4785323
China,Jindong Qu,119.688078,29.102852
China,Jinfeng Qu,106.2328035,38.4738579
China,Jingdezhen,117.1727822,29.2712774
China,Jinghong Shi,100.7983916,22.0147814
China,Jingkou Qu,119.464467,32.2002307
China,Jingxiu,115.4143937,38.8888842
China,Jingyang Qu,104.3922358,31.1404211
China,Jingzhou,112.2337264,30.3375612
China,Jinhua,119.6486487,29.1080344
China,Jining,116.5849266,35.4125047
China,Jinshui Qu,113.654504,34.8016429
China,Jintai Qu,107.2282935,34.3985422
China,Jinzhong,112.7383414,37.6866796
China,Jishou,109.6938658,28.265262
China,Jiujiang,115.9474861,29.6653828
China,Jiulongpo,106.5068961,29.5051598
China,Jiuquan,98.4936839,39.7321262
China,Jixi,130.9619259,45.2928513
China,Jizhou Qu,115.5146295,37.5265857
China,Junshan Qu,113.0009667,29.4642866
China,Jurong,119.1633971,31.9478237
China,Jurong Shi,119.1633971,31.9478237
China,Kaifeng,114.3054796,34.7990966
China,Kaifu,112.980669,28.2593076
China,Kaili Shi,107.9769525,26.5710542
China,Kangbashi Qu,109.8546245,39.606782
China,Kangding,101.9545581,30.0002558
China,Karamay,84.8867252,45.5778068
China,Karuo Qu,97.1954842,31.1146754
China,Kashgar,75.9900135,39.4665981
China,Kashi,75.9900135,39.4665981
China,Kelamayi Qu,84.8660538,45.6003911
China,Kongtong,106.6700899,35.5422796
China,Korla,86.173541,41.7238743
China,Kowloon,114.1767885,22.3116452
China,Kuancheng Qu,125.3203579,43.940923
China,Kuangqu,102.8659519,36.4156768
China,Kuiwen Qu,119.1268375,36.7066306
China,Kundulun Qu,109.834384,40.6550152
China,Kunming,102.7086139,25.0363006
China,Kunshan,120.9764683,31.3869323
China,Laibin,109.2169807,23.7532648
China,Laicheng Qu,117.6698329,36.2150252
China,Laishan Qu,121.4399498,37.5102686
China,Laiwu,117.6698329,36.2150252
China,Laixi,120.5158492,36.8618279
China,Laixi Shi,120.5158492,36.8618279
China,Laizhou,119.9370943,37.1773133
China,Langfang,116.6926134,39.5302055
China,Langya Qu,118.3157349,32.334425
China,Lanshan,112.191748,25.3720755
China,Lanzhou,103.8318849,36.0615192
China,Laocheng Qu,112.4440091,34.7118888
China,Lasa Shi,91.1173015,29.6542054
China,Lengshuitan Qu,111.5870727,26.464927
China,Leshan,103.747791,29.5851296
China,Lhasa,91.1173015,29.6542054
China,Lhoka,91.7705692,29.2390869
China,Lianchi Qu,115.5146955,38.8595713
China,Liandu Qu,119.9079603,28.4495941
China,Liang Zhou Qu,112.1916836,32.0506883
China,Liangqing Qu,108.3320604,22.4935273
China,Liangshan,116.1258857,35.7660857
China,Liangxi Qu,120.2968594,31.5674206
China,Liangyuan,115.603855,34.483
China,Lianping Xian,114.4885135,24.3761422
China,Lianshan Qu,120.818501,40.7965322
China,Lianxi,115.9876261,29.6688213
China,Lianyungang,119.2171662,34.5933134
China,Liaocheng,115.9642007,36.4441808
China,Liaoyang Shi,123.1695757,41.2742898
China,Liaoyuan,125.1374905,42.8863846
China,Licang Qu,120.4270377,36.1453955
China,Lieshan,116.807632,33.8967068
China,Lijiang,100.2249797,26.8595868
China,Lin'an,119.7192631,30.2371364
China,Lincang,100.0879344,23.88848
China,Linchuan,116.3069893,27.9362786
China,Linfen,111.512998,36.0885338
China,Lingdong Qu,131.1566892,46.5904696
China,Lingling Qu,111.6244711,26.2254797
China,Linhe Qu,107.3706989,40.7513297
China,Lintong Qu,109.2092937,34.3684448
China,Linwei,110.035,19.487778
China,Linxia,103.038525,35.4787351
China,Linxiang,100.0879344,23.88848
China,Linyi,118.3506988,35.1032403
China,Linzhi Shi,94.3602321,29.6510453
China,Linzi Qu,118.325278,36.794167
China,Lishan Qu,123.0206182,41.1452706
China,Lishi Qu,111.1436305,37.5166148
China,Lishui,119.9184297,28.4704064
China,Liu An,113.2720234,33.3705714
China,Liubei Qu,109.3974707,24.3651586
China,Liupanshui,104.8279652,26.5963778
China,Liwan Qu,113.2136488,23.1100378
China,Lixia Qu,117.0701896,36.6664043
China,Liyang,119.4787471,31.4178958
China,Longcheng Qu,120.2973522,41.571134
China,Longhu Qu,116.7120999,23.3740077
China,Longnan,104.9572932,33.3721445
China,Longquanyi Qu,104.3084901,30.5937038
China,Longsha Qu,123.9511868,47.3157849
China,Longwan Qu,120.8081747,27.9363908
China,Longwei Qu,114.0400981,22.5734013
China,Longxu District,111.2425683,23.4155558
China,Longyan,117.0123483,25.0767425
China,Longzihu District,117.3881282,32.9448624
China,Loudi,111.9890658,27.6995215
China,Loudi Shi,111.9890658,27.6995215
China,Louxing,111.9960728,27.7333455
China,Lu'an,116.5142252,31.7383487
China,Lubei Qu,118.1945287,39.6231599
China,Luohe,114.0289356,33.571189
China,Luohe Shi,114.0289356,33.571189
China,Luohu Qu,114.1261389,22.5506391
China,Luolong Qu,112.4577664,34.6198199
China,Luoyang,112.4477046,34.6196539
China,Luozhuang Qu,118.279238,34.9976234
China,Luqiao Qu,121.3338807,28.5818718
China,Lushan Shi,116.0396561,29.4505923
China,Lushui,98.8573411,25.8255921
China,Lusong Qu,113.155946,27.816199
China,Luyang Qu,117.2592373,31.8805508
China,Luzhou,105.4385063,28.8744722
China,Ma'anshan,118.5048377,31.6866105
China,Maiji,105.8974888,34.5655729
China,Mangshi,98.5886667,24.4369028
China,Maojian Qu,110.808277,32.5949863
China,Maoming,110.9209511,21.6656961
China,Maonan Qu,110.9139827,21.6442556
China,Maqin Xian,100.2367862,34.4793066
China,Mawei District,119.4909947,26.0913222
China,Mazhang Qu,110.2984428,21.1290003
China,Meijiang,116.1119122,24.3132062
China,Meilan Qu,110.3624003,20.0307844
China,Meilie,117.5654329,26.2811617
China,Meishan,103.8458201,30.079061
China,Meixian Qu,116.2342558,24.4146228
China,Meizhou,116.1171428,24.2918414
China,Mengzi,103.3622458,23.3970868
China,Mengzi Shi,103.3622458,23.3970868
China,Miaoli,113.642645,34.833844
China,Midong Qu,87.7395034,44.4199514
China,Mingshan Qu,103.1070325,30.0722511
China,Mudan Qu,115.4107298,35.2510986
China,Mudanjiang,129.6113766,44.5790216
China,Muping Qu,121.5956195,37.3870896
China,N Hongkong,114.1628131,22.2793278
China,Nagqu,92.0498064,31.4786233
China,Naidong Qu,91.7599651,29.2284265
China,Nan Shan Qu,91.7705692,29.2390869
China,Nanchang,115.8540042,28.687547
China,Nangang Qu,126.5919596,45.6991743
China,Nanhai Qu,113.1375151,23.0314096
China,Nanhu Qu,120.7786275,30.7502821
China,Nanjiao Qu,113.1558526,40.0550257
China,Nanjing,118.7788631,32.0438284
China,Nanjing Shi,118.7788631,32.0438284
China,Nankai,117.1439502,39.1370055
China,Nanming Qu,106.7050549,26.5722545
China,Nanning,108.3627211,22.8193063
China,Nantong,120.8904588,31.9827896
China,Nantou,113.292606,22.721705
China,Nanyang,112.5292693,33.0010496
China,Nanzheng Xian,106.9322078,33.0025414
China,Naqu Xian,92.0561223,31.4728755
China,Neijiang,105.054491,29.5827261
China,New Territories,114.0724197,22.4300716
China,Ningbo,121.6203873,29.8622194
China,Ningbo Shi,121.6203873,29.8622194
China,Ningde,119.5432715,26.6695006
China,Ninghe District,117.8205892,39.3288681
China,Ningjiang District,124.919686,45.2147285
China,Nyingchi,94.3602321,29.6510453
China,Ou Zhou Cheng,103.8416476,36.0680192
China,Panji District,116.8187599,32.7822968
China,Panjin,122.0524321,41.1796147
China,Panlong Qu,102.8273572,25.266802
China,Panyu Qu,113.3785422,22.9387253
China,Panzhihua,101.7179276,26.5860102
China,Penghu,118.1596518,25.3827039
China,Pengjiang Qu,113.0513579,22.6466774
China,Penglai,120.824268,37.7949103
China,Pengxi,105.7389979,30.6512498
China,Pidu Qu,103.8986134,30.7980107
China,Pingcheng,113.2951122,40.0919817
China,Pingding County,113.6246894,37.803011
China,Pingdingshan,113.3002154,33.7419956
China,Pingdu,119.9648885,36.7534005
China,Pinggui Qu,111.4747175,24.4585572
China,Pingluo Xian,106.5323459,38.8401757
China,Pingxiang,113.8830806,27.6603206
China,Potou District,110.4950611,21.2511115
China,Pudong Xinqu,121.5387401,31.2217826
China,Puer,100.9650146,22.8272471
China,Puer Shi,100.9650146,22.8272471
China,Pukou Qu,118.6220888,32.0616362
China,Putian,119.0029034,25.4557366
China,Putuo Qu,121.3912291,31.2513263
China,Puyang,115.0234071,35.7631348
China,Qi Xing Guan Qu,110.6245274,40.5947759
China,Qianjin Qu,130.383602,46.7833475
China,Qiaodong Qu,114.9114927,40.7706164
China,Qiaoxi Qu,114.8549554,40.7940258
China,Qibin Qu,114.21531,35.803218
China,Qilihe Qu,103.7694552,36.0684296
China,Qindu,108.7016168,34.330605
China,Qingdao,120.3777659,36.0663249
China,Qingdao Shi,120.3777659,36.0663249
China,Qingjiangpu Qu,119.0210431,33.5537944
China,Qingpu Qu,121.1194575,31.1520314
China,Qingshan Qu,114.3797804,30.6421206
China,Qingyang,107.6384287,35.7106146
China,Qingyuan,113.0505994,23.6832984
China,Qingyunpu Qu,115.9206902,28.625041
China,Qinhuai Qu,118.7896033,32.0411462
China,Qinhuangdao,119.5894129,39.9395724
China,Qinnan Qu,108.7695404,21.9009245
China,Qiqihar,123.9495373,47.3392424
China,Qitaihe,131.0066556,45.7703578
China,Qixia District,118.9041623,32.0985432
China,Qixingguan Qu,105.301895,27.3016217
China,Quanzhou,118.6723605,24.8755492
China,Qujiang Qu,113.5994399,24.6856373
China,Qujing,103.7943084,25.4936418
China,Quzhou,118.8540924,28.973887
China,Rang Hu Lu Qu,124.8481957,46.6122568
China,Rencheng Qu,116.6000801,35.4421741
China,Rizhao,119.5213994,35.4178833
China,Rongcheng,122.482296,37.1649467
China,Rushan,121.5346952,36.9199831
China,Sai Kung,114.2728277,22.3822489
China,Saihan Qu,111.6946262,40.7907931
China,Sangzhuzi Qu,88.8947292,29.2507761
China,Sanmenxia,111.1908398,34.7678842
China,Sanmenxia Shi,111.1908398,34.7678842
China,Sanming,117.634008,26.2671531
China,Sanshui Qu,112.8915006,23.158687
China,Sanya,109.5034392,18.2534658
China,Sanyuan Qu,117.603111,26.2374327
China,Shahekou Qu,121.5893322,38.9038452
China,Shancheng,114.1775878,35.8981112
China,Shanghai,121.4691024,31.2323437
China,Shangluo,109.9378112,33.8691156
China,Shangqiu,115.6507447,34.4168215
China,Shangrao,117.9381305,28.4582821
China,Shangyu,120.8640628,30.0357
China,Shanhaiguan Qu,119.7563671,39.9987877
China,Shanting Qu,117.4551974,35.1005834
China,Shantou,116.6775856,23.3563921
China,Shanwei,115.3704551,22.7891796
China,Shaoguan,113.5922116,24.8136095
China,Shaoling Qu,114.097948,33.5816646
China,Shaoxing,120.576854,29.9992425
China,Shaoyang,111.4624572,27.2431609
China,Shapingba District,106.4534691,29.5436056
China,Shapotou,105.1684526,37.5156684
China,Shashi Qu,112.2524983,30.3144274
China,Shayibake Qu,87.46749,43.726972
China,Shenhe Qu,123.4685679,41.8050211
China,Shenyang,123.4279105,41.8026095
China,Shenyang Shi,123.4279105,41.8026095
China,Shenzhen,114.0545429,22.5445741
China,Shenzhen Shi,114.0545429,22.5445741
China,Shibei Qu,120.3696639,36.0873176
China,Shifeng,113.1118793,27.8781801
China,Shigatse,88.8806823,29.2713756
China,Shigu Qu,112.5928527,26.9469844
China,Shihe,114.052661,32.1190292
China,Shihezi,86.0775574,44.3017013
China,Shijiazhuang,114.5088385,38.0429742
China,Shiyan,110.792752,32.6314877
China,Shizhong Qu,105.841813,32.4362651
China,Shizuishan,106.3771974,38.9868531
China,Shouguang,118.7322549,36.8762356
China,Shuangluan Qu,117.8026582,40.9822558
China,Shuangqiao Qu,117.9632857,40.9435776
China,Shuangqing District,111.4913022,27.2363873
China,Shuangta,120.5383704,41.5754333
China,Shuangyang District,125.6578299,43.5226173
China,Shuangyashan,131.1331152,46.6738195
China,Shuicheng Xian,104.9551167,26.5511613
China,Shuimogou Qu,87.7674515,43.8293237
China,Shuncheng Qu,123.9392396,41.8820937
China,Shunde Qu,113.2894243,22.8054891
China,Shunqing Qu,106.0884675,30.7996601
China,Shunyi District,116.6538745,40.1487504
China,Shuocheng,112.4196621,39.317035
China,Shuozhou,112.4262465,39.3305654
China,Simao Qu,100.9758353,22.7896269
China,Siming Qu,118.1311795,24.463401
China,Siping,124.364739,43.1669821
China,Songyuan,124.8170805,45.1386775
China,Suihua,126.9626572,46.6520372
China,Suining,105.574542,30.5061493
China,Suiyang Qu,115.59171,34.2399772
China,Suizhou,113.3774967,31.691143
China,Suqian,118.2696994,33.9644701
China,Suqian Shi,118.2696994,33.9644701
China,Suxian,113.106742,25.7990322
China,Suyu Qu,118.3257956,33.9485603
China,Suzhou,120.6212881,31.311123
China,Tacheng,82.9838309,46.7510282
China,Tai'an,117.0809316,36.2002968
China,Taihe,115.6446639,33.3345163
China,Tainan,122.4029559,41.3604758
China,Taitung,120.3511792,36.0834189
China,Taiyuan,112.5437075,37.8699921
China,Taizhou,121.4163876,28.6581723
China,Taizihe,123.1560552,41.2845997
China,Tangshan,118.1738712,39.6295951
China,Tangwanghe,129.5650304,48.4520308
China,Taobei Qu,122.8375876,45.6245088
China,Taoshan Qu,130.9721013,45.778881
China,Taoyuan,111.252621,28.889606
China,Tianhe Qu,113.356424,23.12712
China,Tianjiaan Qu,117.0118668,32.6491462
China,Tianjin,117.1956724,39.0844897
China,Tianqiao Qu,116.9813635,36.6777745
China,Tianshui,105.7062921,34.5797531
China,Tianxin Qu,112.9842016,28.1170956
China,Tianya Qu,109.4481593,18.3011325
China,Tiedong,122.985484,41.0877459
China,Tieling,123.8394899,42.2895233
China,Tieshan Qu,114.8865998,30.2056586
China,Tiexi,123.2086364,41.7262503
China,Tongan,118.146788,24.7261173
China,Tongchuan,108.9403845,34.8972729
China,Tonghua,125.9339857,41.7260568
China,Tongliao,122.2601035,43.6151762
China,Tongling,117.805068,30.9474585
China,Tongren,109.1852081,27.7347312
China,Tuen Mun,113.9770274,22.3908021
China,Tunxi,118.3011246,29.7387064
China,Turpan,89.1795889,42.9425032
China,Ulanqab,113.1315646,40.9902685
China,Urumqi,87.6139038,43.8244074
China,Wafangdian,122.005039,39.6236752
China,Wanghua Qu,123.7788388,41.851918
China,Wangyi Qu,109.066667,35.048056
China,Wanli Qu,115.7315016,28.7101193
China,Wanxiu Qu,111.315559,23.4752731
China,Wei'nan,113.9908105,22.4640103
China,Weibin,107.1505034,34.3564636
China,Weicheng,119.0191186,36.7277965
China,Weidu Qu,113.8209973,34.0340422
China,Weifang,119.1557441,36.7071591
China,Weihai,122.1152599,37.5120997
China,Weihai Shi,122.1152599,37.5120997
China,Weinan,109.4643291,34.5169112
China,Weiyang Qu,108.9416069,34.2946358
China,Wendeng,122.0834466,37.1954062
China,Wenfeng Qu,114.3512634,36.0940024
China,Wenshan,104.2314068,23.3838848
China,Wenzhou,120.695345,27.9963899
China,Wolong Qu,112.5280338,32.9878612
China,Wu Yang Li,114.2554307,35.0400286
China,Wuchang Qu,114.3109847,30.5566998
China,Wudu Qu,104.9246262,33.3917138
China,Wuhai,106.7893379,39.6533321
China,Wuhan,114.2999353,30.5951051
China,Wuhan Shi,114.2999353,30.5951051
China,Wuhou Qu,104.0405084,30.6438936
China,Wuhu,118.4277477,31.3536127
China,Wuhua Qu,102.6741959,25.1366309
China,Wujiagang Qu,111.3550079,30.646169
China,Wujiang,120.598819,30.9943552
China,Wujiaqu,87.5402182,44.1654232
China,Wujin Qu,119.9377542,31.7020406
China,Wulanchabu Shi,113.1315646,40.9902685
China,Wulanhaote Shi,122.0873444,46.0698111
China,Wuling,111.6775679,29.0572367
China,Wulumuqi Shi,87.6139038,43.8244074
China,Wuwei,102.6359886,37.928881
China,Wuxi,120.2952752,31.5776626
China,Wuxi Shi,120.2952752,31.5776626
China,Wuxing Qu,120.1809276,30.8588131
China,Wuzhong,106.1943085,37.9970759
China,Wuzhou,111.277099,23.478767
China,Xi Xiang,117.152533,31.7090349
China,Xi'an,108.9423363,34.261004
China,Xialu Qu,114.9562843,30.175614
China,Xiamen,118.0853479,24.4801069
China,Xiamen Shi,118.0853479,24.4801069
China,Xian Qu,109.7290619,38.2851657
China,Xian Shi,104.8786064,29.3362975
China,Xian'an,114.3907293,29.8504659
China,Xiangcheng,114.9031316,33.4430697
China,Xiangfang Qu,126.6569134,45.7061795
China,Xianggelila Shi,99.7040577,27.8363076
China,Xiangshan Qu,110.2787873,25.2095621
China,Xiangtan,112.9388078,27.8328352
China,Xiangxi,119.5306687,29.2868486
China,Xiangyang,112.1163785,32.010998
China,Xianning,114.3169418,29.8437545
China,Xianyang,108.7128495,34.3323227
China,Xiaodian Qu,112.565995,37.7260962
China,Xiaogan,113.9516901,30.919414
China,Xichang Shi,102.2627456,27.898547
China,Xiejiaji Qu,116.8543839,32.6017288
China,Xifeng,106.663488,27.149068
China,Xigong Qu,112.421734,34.6611912
China,Xihe Qu,121.6746831,42.0236078
China,Xihu,120.1256628,30.2616958
China,Xiling Qu,111.2800777,30.7132273
China,Xilinhaote Shi,116.0708043,43.9375282
China,Xilinhot,116.0789127,43.9312058
China,Xinbei Qu,119.9562502,31.8644668
China,Xinfu,112.7397206,38.4031047
China,Xingbin Qu,109.2161165,23.6628439
China,Xinglongtai,122.0654323,41.117129
China,Xingning Qu,108.5291283,22.9450369
China,Xingtai,114.499746,37.0616519
China,Xingyi,104.8935472,25.0947613
China,Xinhua Qu,114.468056,38.066667
China,Xinhui Qu,113.0328366,22.3836907
China,Xining,101.7761976,36.617331
China,Xinluo,117.0661913,25.2173672
China,Xinshao County,111.4541228,27.3245604
China,Xinshi,87.5222953,43.9303857
China,Xinxing,112.2195936,22.6984291
China,Xinyang,114.0852134,32.1461721
China,Xinyu,114.9124505,27.8214162
China,Xinzhou,112.7175133,38.4391871
China,Xisaishan Qu,115.1043136,30.2072954
China,Xishuangbanna,101.0678371,22.4911426
China,Xiuying Qu,110.2850691,20.0311915
China,Xiuyu Qu,119.1003477,25.3199576
China,Xiuzhou Qu,120.704931,30.7668311
China,Xixiu,106.0620503,26.1841025
China,Xuancheng,118.7540167,30.9412541
China,Xuanwu,118.7927049,32.0506772
China,Xuanzhou,118.7514279,30.9486697
China,Xuchang,113.8461624,34.0392527
China,Xuecheng Qu,117.2803557,34.7838416
China,Xuhui Qu,121.4311138,31.1900943
China,Xunyang Qu,115.9967539,29.7077367
China,Xuzhou,117.1810431,34.2665258
China,Ya'an,103.0402038,30.0130923
China,Yan'an,109.4873978,36.602796
China,Yanbian,101.6380347,26.8331782
China,Yancheng,120.1577019,33.349559
China,Yanfeng Qu,112.6100573,26.8442013
China,Yangjiang,111.9776773,21.8603337
China,Yangming Qu,129.6285254,44.5939133
China,Yangpu,121.5211199,31.261528
China,Yangquan,113.5739616,37.8568575
China,Yangquan Shi,113.5739616,37.8568575
China,Yangzhou,119.4077658,32.3968554
China,Yanhu,110.9972761,35.0138299
China,Yanji Shi,129.5043827,42.9047375
China,Yanjiang,104.6467977,30.1248239
China,Yanping Qu,118.2568346,26.6118591
China,Yanta Qu,108.9440711,34.2240681
China,Yantai,121.4425255,37.461928
China,Yaodu,111.5734529,36.0800383
China,Yaohai Qu,117.3037396,31.8601612
China,Yaozhou Qu,108.97147,34.913269
China,Yibin,104.6406023,28.7555245
China,Yibin Shi,104.6406023,28.7555245
China,Yichang,111.2803512,30.6941332
China,Yicheng Qu,117.5402508,34.711763500000004
China,Yichun,114.4112498,27.81697
China,Yilan,129.5650414,46.3208082
China,Yinchuan,106.2261926,38.4852037
China,Yindu Qu,114.2976373,36.1118078
China,Yingkou,122.2357736,40.6747155
China,Yingtan,117.034423,28.2741176
China,Yingze Qu,112.6587105,37.8637953
China,Yingzhou Qu,115.8014893,32.885622
China,Yinhai,109.261189,21.5109737
China,Yining Shi,81.2747797,43.9052027
China,Yinzhou,121.5452899,29.8155706
China,Yiwu,120.0703805,29.3093002
China,Yixing,119.817253,31.3495972
China,Yixiu Qu,116.981974,30.6147552
China,Yiyang,112.3497606,28.5562003
China,Yongqiao Qu,116.9720556,33.6434399
China,Yongzhou,111.6081495,26.423568
China,You Jiang Qu,120.0544706,30.2448079
China,Youxian Qu,104.9156882,31.5334616
China,Yuan Qu,114.0207401,22.456686
China,Yuancheng Qu,114.6976517,23.7367095
China,Yuanhui Qu,114.0134858,33.5571082
China,Yuanzhou Qu,106.284442,36.006651
China,Yubei,106.6273428,29.7216351
China,Yucheng,115.902169,34.369154
China,Yuci Qu,112.846727,37.617838
China,Yuehu Qu,117.0971203,28.2692004
China,Yuexiu,113.2614717,23.1312782
China,Yueyang,113.1229551,29.3594838
China,Yueyanglou,113.1242542,29.3741113
China,Yufeng Qu,109.4260343,24.3041993
China,Yuhu District,112.9020187,27.8597768
China,Yuhui,117.3363525,32.9311407
China,Yulin,109.7290619,38.2851657
China,Yunfu,112.0396246,22.9173703
China,Yunfu Shi,112.0396246,22.9173703
China,Yunhe Qu,116.85,38.311667
China,Yunlin,124.8226338,41.7087784
China,Yunlong Qu,117.2457515,34.2544912
China,Yunyan Qu,106.7205994,26.6079969
China,Yuquan Qu,111.6673702,40.7517855
China,Yushu,126.5271463,44.8381222
China,Yushui,114.9397801,27.8034942
China,Yuwangtai Qu,114.3426025,34.7787865
China,Yuxi,102.527044,24.3511487
China,Yuyang,109.7155405,38.2769046
China,Yuzhong County,104.1128772,35.8475375
China,Zaozhuang,117.3178922,34.8108822
China,Zengdu,113.3651519,31.71801
China,Zezhou,112.8454497,35.4913132
China,Zezhou County,112.9273478,35.5081757
China,Zhangdian Qu,118.0118881,36.806232
China,Zhanggong,114.916017,25.8210644
China,Zhangjiagang,120.55145950000001,31.8782976
China,Zhangjiajie,110.4741428,29.1176794
China,Zhangjiakou,114.8782861,40.8171433
China,Zhangqiu,117.5201284,36.6811534
China,Zhangwan Qu,110.7637924,32.6536131
China,Zhangye,100.4556326,38.9365134
China,Zhanhe Qu,113.2577101,33.699594
China,Zhanjiang,110.3548318,21.2737079
China,Zhanqian,122.2738817,40.7011256
China,Zhaoqing,112.4603629,23.0501661
China,Zhaotong,103.7146923,27.3417508
China,Zhaoyang,103.7039262,27.3236062
China,Zhaoyuan,120.4281727,37.3538319
China,Zhengding County,114.5632635,38.1439748
China,Zhengzhou,113.619321,34.7472531
China,Zhenxing Qu,124.3543078,40.1026986
China,Zhifu Qu,121.3950498,37.5404322
China,Zhonglou Qu,119.8970595,31.8040787
China,Zhongshan,113.3870834,22.5196895
China,Zhongwei,105.1928783,37.4999947
China,Zhongyuan Qu,113.6069899,34.7493622
China,Zhoucun Qu,117.8481423,36.7820069
China,Zhoukou,114.6423617,33.6306299
China,Zhoushan,122.2030363,29.9873344
China,Zhuhai,113.5721327,22.273734
China,Zhuhai Shi,113.5721327,22.273734
China,Zhuhui Qu,112.6574397,26.8911345
China,Zhuji,120.2419855,29.7112121
China,Zhumadian,114.0164565,33.0115818
China,Zhushan Qu,117.1970515,29.302589
China,Zhuzhou,113.1283685,27.830618
China,Zibo,118.0488401,36.8129564
China,Zichuan District,117.961169,36.6438283
China,Zigong,104.7761224,29.3419256
China,Ziliujing Qu,104.7743562,29.3402331
China,Ziyang,104.6477717,30.1236535
China,Zunyi,106.9155974,27.6912954
China,Zunyi Shi,106.9155974,27.6912954
Colombia,Armenia,-75.6723751,4.536307
Colombia,Barbosa,-75.3313779,6.4370185
Colombia,Barranquilla,-74.7926118,10.9938599
Colombia,Bello,-75.5582665,6.334997
Colombia,Bogota,-74.0836331,4.6533815
Colombia,Bucaramanga,-73.1191168,7.1274697
Colombia,Caldas,-75.6356917,6.0918609
Colombia,Cali,-76.5325259,3.4519988
Colombia,Cartagena,-75.5441671,10.4265566
Colombia,Cienaga,-74.241022,11.0062433
Colombia,Copacabana,-75.5080262,6.3461047
Colombia,Envigado,-75.587415,6.1701348
Colombia,Girardota,-75.4459762,6.3773809
Colombia,Itagui,-75.6093254,6.1724352
Colombia,La Estrella,-75.6433878,6.1576781
Colombia,Manizales,-75.5066661,5.0668907
Colombia,Medellin,-75.6025597,6.2697325
Colombia,Pasto,-77.2785096,1.2140275
Colombia,Sabaneta,-75.6153715,6.1515344
Colombia,Santa Marta,-74.1950916,11.2320944
Colombia,Santiago De Cali,-76.5325259,3.4519988
Colombia,Valledupar,-73.2529512,10.4651733
Costa Rica,Alajuela,-84.2138789,10.0165183
Costa Rica,Belen,-85.5868168,10.4085891
Costa Rica,Cartago,-83.9204377,9.8642435
Costa Rica,Escazu,-84.1400276,9.919527
Costa Rica,Heredia,-84.1170163,9.9981515
Costa Rica,Moravia,-83.4406071,9.8282452
Costa Rica,San Jose,-84.0795782,9.9325427
Costa Rica,Santa Ana,-84.182085,9.9327428
Croatia,Bosanka,18.1261141,42.6444096
Croatia,Desinic,15.6688416,46.147934
Croatia,Desinic Gora,15.6613982,46.1676582
Croatia,Jezerce,15.6501955,44.857464
Croatia,Karlovac,15.5486303,45.4892522
Croatia,Kastel Sucurac,16.4277521,43.5471065
Croatia,Kutina,16.7755908,45.483097
Croatia,Lug,15.6975941,45.8282294
Croatia,Općina Polača,15.5013495,44.0283367
Croatia,Osijek,18.6953685,45.5548793
Croatia,Plitvička Jezera,15.6227514,44.881262
Croatia,Pula,13.8455311,44.8702281
Croatia,Rijeka,14.442208,45.3267976
Croatia,Sisak,16.374592,45.4891806
Croatia,Slavonski Brod,18.0121385,45.1665803
Croatia,Split,16.4399659,43.5116383
Croatia,Stuti,13.7522683,45.2829403
Croatia,Velika Gorica,16.0717164,45.7155672
Croatia,Višnjan,13.7188658,45.2760178
Croatia,Zagreb,15.9772795,45.8130967
Cuba,La Habana,-82.3589631,23.135305
Cyprus,Agia Marina,33.4812787,35.2430944
Cyprus,Larnaca,33.6236184,34.9236095
Cyprus,Lefkosia,33.3638783,35.1746503
Cyprus,Lemesos,33.0332657,34.6852901
Cyprus,Limassol,33.0332657,34.6852901
Cyprus,Nicosia,33.3638783,35.1746503
Cyprus,Pafos,32.4231586,34.7743988
Cyprus,Paphos,32.4231586,34.7743988
Cyprus,Strovolos,33.3454972,35.1328993
Czechia,Belotin,17.8065396,49.591202
Czechia,Beroun,14.0733907,49.9640292
Czechia,Bohumin,18.3574288,49.9041537
Czechia,Bohunice,13.9731847,49.1323889
Czechia,Brandys,14.6649786,50.1912412
Czechia,Brandys Nad Labem-Stara Boleslav,14.6649786,50.1912412
Czechia,Brno,16.6113382,49.1922443
Czechia,Bruntal,17.4652901,49.9885113
Czechia,Brusperk,18.2216061,49.7003751
Czechia,Budisov Nad Budisovkou,17.6289202,49.7949749
Czechia,Ceradice,13.4939023,50.3087437
Czechia,Ceska Lipa,14.5372974,50.6865452
Czechia,Ceske Budejovice,14.474285,48.9747357
Czechia,Cesky Tesin,18.6260976,49.7464018
Czechia,Cheb,12.3703526,50.0793511
Czechia,Chomutov,13.4178324,50.4606456
Czechia,Chystovice,15.0795627,49.5856785
Czechia,Decin,14.3981063,50.8495356
Czechia,Desna,16.2240471,49.8075422
Czechia,Doksany,14.1611296,50.4548867
Czechia,Dolni Lutyne,18.4281743,49.8988168
Czechia,Dolni Studenky,16.9709352,49.9349838
Czechia,Dukovany,16.1915279,49.0809441
Czechia,Frenstat Pod Radhostem,18.2117067,49.5474224
Czechia,Frydek-Mistek,18.3483416,49.685635
Czechia,Frydlant,15.0794594,50.9216775
Czechia,Hat,18.2393133,49.9464431
Czechia,Havirov,18.4368451,49.7801136
Czechia,Hora Svate Kateriny,13.4369475,50.6062324
Czechia,Horni Stropnice,14.7350172,48.7612438
Czechia,Hradec Kralove,15.8327512,50.2092113
Czechia,Jablonec,13.8069282,50.4531488
Czechia,Jablonec Nad Nisou,15.1710958,50.7240899
Czechia,Jesenik,17.2046012,50.2296385
Czechia,Jicin,15.3516528,50.4370452
Czechia,Jihlava,15.5903065,49.396064
Czechia,Jilove,14.1041986,50.7610971
Czechia,Kadan,13.2710364,50.3761991
Czechia,Kamenny Ujezd,14.4463826,48.8975303
Czechia,Karlovy Vary,12.8701437,50.2306216
Czechia,Karvina,18.5416556,49.8542719
Czechia,Kladno,14.1025379,50.1478497
Czechia,Korenov,15.3658974,50.7596171
Czechia,Krizanov,16.1110351,49.3883815
Czechia,Krnov,17.7040842,50.089894
Czechia,Kromeriz,17.3929804,49.2984191
Czechia,Krupka,13.8577518,50.6847005
Czechia,Kryry,13.4265963,50.1743688
Czechia,Kucharovice,16.0769696,48.8759568
Czechia,Kutna Hora,15.2681123,49.9486561
Czechia,Liberec,15.0583947,50.7702648
Czechia,Litomerice,14.1317985,50.5340795
Czechia,Lostice,16.9281353,49.7449432
Czechia,Lovcice,15.383891,50.1651677
Czechia,Ludgerovice,18.2401116,49.8903906
Czechia,Marianske Radcice,13.6649868,50.5740355
Czechia,Medenec,13.1147075,50.4211822
Czechia,Mlada Boleslav,14.9031301,50.4116187
Czechia,Moravska Trebova,16.6641472,49.7581546
Czechia,Most,13.636112,50.5032737
Czechia,Měňany,14.1176675,49.9100487
Czechia,Navsi,18.7584931,49.5873223
Czechia,Nosovice,18.426381,49.6606723
Czechia,Olomouc,17.251143,49.5940567
Czechia,Ondrejov,14.7831213,49.9045659
Czechia,Opava,17.9024174,49.9389004
Czechia,Orlova,18.4309274,49.8459427
Czechia,Ostrava,18.2820084,49.8349139
Czechia,Ostravice,18.3931771,49.5381161
Czechia,Pardubice,15.7791356,50.0385812
Czechia,Pilsen,13.3775249,49.7477415
Czechia,Pisecna,16.4521861,50.0456287
Czechia,Plzen,13.3775249,49.7477415
Czechia,Prachatice,13.997772,49.0129091
Czechia,Prague,14.4212535,50.0874654
Czechia,Praha,14.4464593,50.0596288
Czechia,Prebuz,12.6200389,50.3657774
Czechia,Prerov,17.4508621,49.4553775
Czechia,Pribram,14.0103663,49.6901444
Czechia,Primda,12.6763239,49.6745658
Czechia,Prostejov,17.1117979,49.4721467
Czechia,Pstruzi,18.3324644,49.5663586
Czechia,Radimovice,14.6390211,49.4573133
Czechia,Rozdalovice,15.1699546,50.3034933
Czechia,Rychnov Nad Kneznou,16.2748393,50.1632537
Czechia,Rychvald,18.376392,49.8663296
Czechia,Sedlcany,14.4254935,49.6582258
Czechia,Sedlec,16.1346693,49.167573
Czechia,Sedlonov,16.3154831,50.338304
Czechia,Sezemice,15.0050906,50.5855488
Czechia,Smolnice,13.8484609,50.3086688
Czechia,Sokolov,12.6394986,50.1809097
Czechia,Stachy,13.666585,49.1017923
Czechia,Stankov,14.9526982,48.9795234
Czechia,Stare Hamry,18.4463082,49.4726546
Czechia,Stare Krecany,14.4961696,50.9504417
Czechia,Studenka,18.0610845,49.7137494
Czechia,Sudice,16.237772,49.1818719
Czechia,Sumperk,16.9705651,49.9655521
Czechia,Svratouch,16.0341847,49.72444
Czechia,Tabor,14.6587234,49.4141533
Czechia,Tanvald,15.3037997,50.7379436
Czechia,Teplice,13.8244461,50.6406644
Czechia,Trebic,15.8816091,49.2151907
Czechia,Trinec,18.6711993,49.6779212
Czechia,Trutnov,15.9130498,50.5608851
Czechia,Uherske Hradiste,17.4663899,49.0681018
Czechia,Usti Nad Labem,14.0381357,50.6603327
Czechia,Usti Nad Orlici,16.3941695,49.9737603
Czechia,Valasske Mezirici,17.971593,49.4716056
Czechia,Velichovky,15.8416841,50.3567708
Czechia,Velke Mezirici,16.0121507,49.3554996
Czechia,Vodnany,14.1754647,49.1478708
Czechia,Vražne,17.8666652,49.6286902
Czechia,Vrchlabi,15.6095779,50.6271452
Czechia,Vsetin,17.9961534,49.3389775
Czechia,Vyskov,16.9994446,49.2778194
Czechia,Zacler,15.9080271,50.6585674
Czechia,Zbyslavice,18.075468,49.8053431
Czechia,Zlin,17.6667415,49.226766
Czechia,Znojmo,16.0489457,48.8554341
Denmark,Aalborg,9.9215263,57.0462626
Denmark,Anholt,11.5449467,56.7040812
Denmark,Arhus,10.2134046,56.1496278
Denmark,Bagenkop,10.6751651,54.7495173
Denmark,Copenhagen,12.5700724,55.6867243
Denmark,Hvidovre,12.4772091,55.6441712
Denmark,Keldsnor,10.721137,54.7313301
Denmark,Odense,10.3852104,55.3997225
Denmark,Roskilde,12.0819247,55.6433478
Denmark,Ulfborg,8.3166504,56.2723603
Ecuador,Ambato,-78.6287594,-1.2422413
Ecuador,Cuenca,-79.0041726,-2.8974072
Ecuador,Ibarra,-78.1199716,0.3520459
Ecuador,Latacunga,-78.6145758,-0.9340311
Ecuador,Manta,-80.7191006,-0.9485853
Ecuador,Milagro,-79.5935005,-2.1289136
Ecuador,Portoviejo,-80.4534134,-1.05282
Ecuador,Quito,-78.5123274,-0.2201641
Ecuador,Santo Domingo,-79.1686724,-0.2546212
Egypt,Cairo,31.2357257,30.0443879
El Salvador,San Salvador,-89.1914249,13.6989939
El Salvador,Soyapango,-89.1501583,13.7036577
Estonia,Kohtla Jarve,27.2880288,59.4025488
Estonia,Kohtla-Jarve,27.2880288,59.4025488
Estonia,Narva,28.1402278,59.3578938
Estonia,Palmse,25.9536671,59.5155187
Estonia,Tallinn,24.7453688,59.4372155
Estonia,Tartu,26.72245,58.3801207
Estonia,Vilsandi,21.8590128,58.3810574
Estonia,Voore,26.7495988,58.7188723
Ethiopia,Addis Ababa,38.7524127,9.0358287
Finland,Espoo,24.6559808,60.2049651
Finland,Hameenlinna,24.465141,60.9966192
Finland,Harjavalta,22.1357413,61.3125216
Finland,Helsinki,24.9384719,60.1698897
Finland,Hyvinkaa,24.8603615,60.6311481
Finland,Imatra,28.7716996,61.1923342
Finland,Jakobstad,22.7055385,63.6744703
Finland,Jarvenpaa,25.0925118,60.4743601
Finland,Joensuu,29.7622128,62.6005753
Finland,Juupajoki,24.4286815,61.8220488
Finland,Jyvaskyla,25.7495806,62.241672
Finland,Kajaani,27.7337773,64.2247169
Finland,Karleby,23.1336845,63.8391421
Finland,Kerava,25.1041013,60.4034398
Finland,Kirkkonummi,24.4406694,60.1227857
Finland,Kokkola,23.1336845,63.8391421
Finland,Kotka,26.9450844,60.4674228
Finland,Kouvola,26.7038517,60.8680928
Finland,Kuopio,27.6783597,62.8924641
Finland,Kuusamo,29.1883283,65.9645637
Finland,Lahti,25.66137,60.9826257
Finland,Laitila,21.6926352,60.8801155
Finland,Lappeenranta,28.1862742,61.0583713
Finland,Lohja,24.0676953,60.2512041
Finland,Mansikkala,28.7579328,61.2043169
Finland,Mikkeli,27.2726569,61.6877956
Finland,Muonio,23.6774037,67.9593397
Finland,Oulu,25.4701983,65.0117869
Finland,Pieksamaki,27.1639512,62.300466
Finland,Pietarsaari,22.7055385,63.6744703
Finland,Pori,21.7972071,61.4866126
Finland,Porvoo,25.6619265,60.3943748
Finland,Raahe,24.4816349,64.6845313
Finland,Santala,23.0861805,59.8795083
Finland,Savonlinna,28.880045,61.869874
Finland,Tampere,23.7608087,61.4977233
Finland,Turku,22.2669983,60.4515944
Finland,Uto,21.3713957,59.7813249
Finland,Vaasa,21.6159187,63.0957722
Finland,Valkeakoski,24.0301278,61.2637921
Finland,Vanda,25.0435254,60.292997
Finland,Vantaa,25.0435254,60.292997
Finland,Virolahti,27.5875007,60.5090327
France,Abos,-0.5637564,43.3583099
France,Agde,3.4707789,43.3124696
France,Agen,0.6176112,44.2015827
France,Airvault,-0.1383162,46.8242595
France,Aix En Provence,5.4474738,43.5298424
France,Ajaccio,8.7376029,41.9263991
France,Albertville,6.3925417,45.6754622
France,Albi,2.147899,43.9277552
France,Ambes,-0.5291847,45.0121558
France,Ambilly,6.2224568,46.1960316
France,Amiens,2.2956951,49.8941708
France,Angers,-0.5515588,47.4739884
France,Anglet,-1.5149935,43.4813927
France,Angouleme,0.1561947,45.6484505
France,Annecy,6.1288847,45.8992348
France,Annemasse,6.2341093,46.1934005
France,Antibes,7.1262071,43.5812868
France,Arcachon,-1.1700018,44.6616428
France,Argenteuil,2.2481797,48.9479069
France,Arles,4.6309653,43.6776223
France,Armentieres,2.882169,50.6867281
France,Arrest,1.6166193,50.1269942
France,Atton,6.0924226,48.8911882
France,Aubagne,5.5703031,43.2924385
France,Aubenas,4.3902399,44.6205476
France,Aubervilliers,2.3821895,48.9146078
France,Aurillac,2.4433101,44.9285441
France,Auxerre,3.570579,47.7961287
France,Avignon,4.8059012,43.9492493
France,Aytre,-1.1146694,46.1333325
France,Bagnolet,2.4173658,48.8688199
France,Baie Mahault,-61.5870766,16.2679458
France,Bar-Le-Duc,5.1623805,48.7712673
France,Bas-Rhin,7.381985,48.6904394
France,Basse Terre,-61.7333373,16.0000778
France,Bassens,-0.5163222,44.9015003
France,Bastia,9.4509187,42.6993979
France,Baume Les Dames,6.3614622,47.3526707
France,Bayonne,-1.4736657,43.4945144
France,Beauvais,2.0823355,49.4300997
France,Belesta En Lauragais,1.8219,43.4417
France,Belfort,6.8628942,47.6379599
France,Belleville-Sur-Meuse,5.370347,49.1814053
France,Besancon,6.0243622,47.2380222
France,Bessieres,1.6076595,43.8002365
France,Betheny,4.0535127,49.2845383
France,Bethune,2.6389115,50.5309351
France,Biarritz,-1.5592776,43.4832523
France,Billere,-0.3905556,43.3030044
France,Bizanos,-0.3531403,43.2887961
France,Blagnac,1.3986403,43.6343476
France,Blenod-Les-Pont-A-Mousson,6.0530227,48.8811732
France,Blois,1.3337639,47.5876861
France,Bobigny,2.4452231,48.906387
France,Bois-Herpin,2.233358,48.3701179
France,Bordeaux,-0.5800364,44.841225
France,Bouguenais,-1.6233691,47.179301
France,Boulogne Sur Mer,1.6118771,50.7259985
France,Bourg En Bresse,5.2250324,46.2051192
France,Bourg Les Valence,4.8953847,44.9528222
France,Bourges,2.399125,47.0811658
France,Bourgogne,4.0681417,49.3555104
France,Bourgoin Jallieu,5.2828123,45.5872259
France,Brest,-4.4860088,48.3905283
France,Brignoles,6.0616452,43.4064401
France,Brive La Gaillarde,1.5332389,45.1584982
France,Cachan,2.3340758,48.7945413
France,Caen,-0.3635615,49.1813403
France,Cagnes-Sur-Mer,7.1513834,43.6612012
France,Calais,1.8538446,50.9524769
France,Cambrai,3.2346145,50.1757546
France,Campagne Les Boulonnais,1.9944896,50.6114611
France,Cannes,7.0134418,43.5515198
France,Cappelle La Grande,2.3677943,50.9977218
France,Carling,6.7181281,49.1682805
France,Cartignies,3.8456091,50.0918633
France,Castres,3.2383333,49.8044444
France,Cayenne,-52.3258736,4.9371544
France,Cergy,2.0388736,49.0527528
France,Cerise,0.127737,48.4424403
France,Chalampe,7.5410482,47.8208892
France,Chalon Sur Saone,4.8534326,46.7831001
France,Chalon-Sur-Saone,4.8534326,46.7831001
France,Chalons En Champagne,4.3628851,48.9566218
France,Chalons-En-Champagne,4.3628851,48.9566218
France,Chamalieres,3.0681174,45.776018
France,Chambery,5.9203636,45.5662672
France,Chamonix Mont Blanc,6.8727506,45.9246705
France,Champ Sur Drac,5.729987,45.077144
France,Champagnier,5.72827,45.1099
France,Champforgeuil,4.8350294,46.8203731
France,Champigny Sur Marne,2.510611,48.8137847
France,Charavines,5.51563,45.4276
France,Charleville-Mezieres,4.7206939,49.7735712
France,Chartres,1.4881434,48.4438601
France,Chasseneuil Du Poitou,0.3748389,46.6505634
France,Chateauneuf Les Martigues,5.1646417,43.3804293
France,Chateauroux,1.6770956,46.8203785
France,Chatenois,7.4013652,48.272548
France,Chauny,3.2189506,49.6148945
France,Cherbourg,-1.5755441,49.5127198
France,Cherbourg Octeville,-1.6285858,49.634413
France,Cholet,-0.8801359,47.0617293
France,Clermont Ferrand,3.0819427,45.7774551
France,Cognac,-0.3250175,45.6931647
France,Colmar,7.3579641,48.0777517
France,Contes,1.9650258,50.4073056
France,Coulommiers,3.0843818,48.8121301
France,Creil,2.4733771,49.2607914
France,Crolles,5.8839432,45.2845907
France,Damparis,5.4135618,47.0758071
France,Dax,-1.0518771,43.7084065
France,Denain,3.3943729,50.3270926
France,Deols,1.7010433,46.8267767
France,Dieme,4.4661676,45.9616086
France,Dieppe,1.0791444,49.9246182
France,Dieulefit,5.0663637,44.5236962
France,Dieuze,6.7179948,48.8104847
France,Dijon,5.0414701,47.3215806
France,Distroff,6.2667,49.3322
France,Dole,5.4925463,47.0921047
France,Donges,-2.0745708,47.3185376
France,Douai,3.0804641,50.3675677
France,Dreux,1.3684254,48.7358807
France,Dunkerque,2.3772525,51.0347708
France,Echirolles,5.718687,45.1481694
France,Epernay,3.9528655,49.042561
France,Epinal,6.4503643,48.1747684
France,Escautpont,3.55175,50.4241
France,Evin Malmaison,3.0325007,50.4372552
France,Evreux,1.1510164,49.0268903
France,Evry,2.4289667,48.6241665
France,Fay-Sur-Lignon,4.2264208,44.9854351
France,Ferney Voltaire,6.1096409,46.2567057
France,Feyzin,4.85831,45.6738
France,Firminy,4.2858597,45.3869665
France,Fleville Devant Nancy,6.2057955,48.6256119
France,Florange,6.122827,49.3278069
France,Fontaine,5.6869624,45.1950183
France,Fontainebleau,2.7015872,48.4049375
France,Forbach,6.8958562,49.1862822
France,Fort-De-France,-61.0676724,14.6027962
France,Fos-Sur-Mer,4.945595,43.4380714
France,Fougeres,-1.1958526,48.3503362
France,Fremainville,1.8677977,49.0650534
France,Freyming Merlebach,6.8184829,49.1469437
France,Frolois,6.1257761,48.5648297
France,Frossay,-1.9341151,47.2440022
France,Gaillard,6.211169,46.1838437
France,Gap,6.0820639,44.5612032
France,Garches,2.1853699,48.8437486
France,Gardanne,5.4710661,43.455613
France,Genas,4.9965605,45.7330585
France,Gennevilliers,2.2940122,48.9254221
France,Gerardmer,6.8776965,48.0705772
France,Gerzat,3.1435185,45.8250404
France,Gironde,-0.3305695,44.9568068
France,Givors,4.7696529,45.5844238
France,Gonesse,2.4500537,48.9863555
France,Gonfreville-L'orcher,0.2338372,49.5039262
France,Grand Couronne,1.0043489,49.3534994
France,Grande-Synthe,2.3029972,51.0134813
France,Gravelines,2.1273118,50.9870697
France,Grenoble,5.7357819,45.1875602
France,Grosseto Prugna,8.8180557,41.8815941
France,Gueret,1.8715763,46.1689521
France,Guipry,-1.8537288,47.827726
France,Halluin,3.1249234,50.7826693
France,Harfleur,0.200141,49.5075158
France,Harnes,2.9068246,50.44741
France,Hayange,6.0636733,49.3304353
France,Heming,6.9662495,48.6936221
France,Hornaing,3.33736,50.3694
France,Houdelaincourt,5.471117,48.5495194
France,Hyeres,6.1301614,43.1202573
France,Ifs,-0.3496385,49.1380679
France,Illange,6.1804500000000004,49.3292
France,Isbergues,2.4516565,50.6245173
France,Issoire,3.2501874,45.5432962
France,Issoudun,1.9882811,46.947766
France,Issy Les Moulineaux,2.273457,48.8250508
France,Istres,4.9884323,43.5139051
France,Ivry Sur Seine,2.3872525000000002,48.8122302
France,Jonville-En-Woevre,5.7855218,49.0672948
France,Joue-Les-Tours,0.6622353,47.3511161
France,Kourou,-52.6424204,5.1579834
France,L' Hopital,6.7334061,49.1609381
France,L' Isle-D'espagnac,0.2003336,45.6646231
France,L'hopital,6.7334061,49.1609381
France,La Calmette,4.26023,43.927
France,La Coulonche,-0.455957,48.6468466
France,La Couronne,0.1013099,45.608673
France,La Lechere,6.450394,45.5262762
France,La Maxe,6.1896756,49.1693945
France,La Mulatiere,4.8096049,45.7292173
France,La Petite Pierre,7.3205518,48.8579269
France,La Plaine Des Cafres,55.5552098,-21.2252979
France,La Possession,55.3362758,-20.9269658
France,La Roche Sur Yon,-1.4269698,46.6705431
France,La Rochelle,-1.1515951,46.159732
France,La Seyne-Sur-Mer,5.8788948,43.1007714
France,La Talaudiere,4.4290257,45.480478
France,La Tardiere,-0.7323874,46.6614352
France,La Ville Aux Dames,0.7683831,47.3942731
France,Labastide-Cezeracq,-0.5398765,43.3773919
France,Lacq,-0.6200209,43.4127204
France,Laval,-0.7734022,48.0706687
France,Le Creusot,4.4285961,46.8054064
France,Le Havre,0.1079732,49.4938975
France,Le Lamentin,-61.0018145,14.614557
France,Le Manoir,-0.5955356,49.284173
France,Le Mans,0.1967849,48.0073849
France,Le Palais Sur Vienne,1.3241667,45.865
France,Le Petit-Quevilly,1.06208,49.4238
France,Le Pontet,6.2282666,45.4934683
France,Le Port,1.3740316,42.8662832
France,Le Puy En Velay,3.8855537,45.0459739
France,Le Robert,-60.939021,14.6776144
France,Le Tampon,55.5164178,-21.2774285
France,Le Temple,-0.9892995,44.8808118
France,Lens,2.8319805,50.4291723
France,Les Abymes,-61.5057749,16.2706436
France,Les Ancizes-Comps,2.7929839,45.9378694
France,Les Mazures,4.6258369,49.8880986
France,Les Roches De Condrieu,4.7682776,45.453
France,Lesquin,3.10997,50.5888
France,Lieudieu,5.1823288,45.4584898
France,Lille,3.0635282,50.6365654
France,Limoges,1.2644847,45.8354243
France,Lisieux,0.2255168,49.1460831
France,Lognes,2.632722,48.8384157
France,Longlaville,5.8023036,49.5339956
France,Lons Le Saunier,5.5589973,46.6727037
France,Lorient,-3.3660907,47.7477336
France,Lourdes,-0.0464975,43.0940904
France,Lucciana,9.4175597,42.5459392
France,Luce,-0.595787,48.5500968
France,Lunel Viel,4.0902157,43.677906
France,Luneville,6.4919563,48.5916164
France,Lyon,4.8320114,45.7578137
France,Macon,4.8322266,46.3036683
France,Malroy,6.2130005,49.1768847
France,Manosque,5.7826657,43.8338026
France,Mantes-La-Jolie,1.7140683,48.9891971
France,Marans,-0.9940538,46.3101338
France,Marcq-En-Baroeul,3.1043032,50.6767018
France,Marignane,5.2146275,43.4162729
France,Marmande,0.164274,44.5007939
France,Marnaz,6.5264868,46.0589925
France,Marne La Vallée,2.5989048,48.859298
France,Marseille,5.3699525,43.2961743
France,Martigues,5.0548176,43.4057279
France,Matoury,-52.3268695,4.8496712
France,Maubeuge,3.9674127,50.2796417
France,Melun,2.6608169,48.539927
France,Merignac,-0.6469022,44.842168
France,Metz,6.1763552,49.1196964
France,Meze,3.5988383,43.4245985
France,Miramas,5.0025809,43.582733
France,Miribel,4.9528525,45.8235227
France,Mondeville,-0.3200702,49.1770906
France,Mont De Marsan,-0.500972,43.8911318
France,Montandon,6.8386182,47.3036991
France,Montargis,2.7310072,47.9978628
France,Montbeliard,6.7977564,47.5102368
France,Montceau Les Mines,4.3631681,46.6740455
France,Montgeron,2.4605107,48.7038873
France,Montlhery,2.2710952,48.6396904
France,Montlucon,2.6073963,46.3400296
France,Montoir De Bretagne,-2.1543171,47.3285909
France,Montpellier,3.8767337,43.6112422
France,Moulins,3.3331703,46.5660526
France,Moult,-0.1657186,49.115483
France,Mourenx,-0.6294321,43.3708943
France,Mulhouse,7.3389937,47.7467233
France,Munchhausen,8.1484455,48.9196671
France,Nancy,6.1834097,48.6937223
France,Nantes,-1.5541362,47.2186371
France,Neuilly Sur Seine,2.2695658,48.884683
France,Neuves Maisons,6.1035434,48.6155888
France,Nevers,3.1577203,46.9876601
France,Nice,7.2683912,43.7009358
France,Nimes,4.3600687,43.8374249
France,Niort,-0.4646064,46.3239233
France,Noeux Les Mines,2.6620888,50.4808898
France,Nogent Sur Oise,2.469591,49.2720766
France,Nogent-Sur-Marne,2.4916592,48.8387639
France,Notre Dame De Bliquetuit,0.7617184,49.494588
France,Notre Dame De Gravenchon,0.5680054,49.4898201
France,Nuits Saint Georges,4.9489061,47.1367598
France,Omissy,3.3127778,49.8783333
France,Orleans,1.9086066,47.9027336
France,Ottmarsheim,7.5094906,47.7888815
France,Outreau,1.5845684,50.7036916
France,Oyonnax,5.6556181,46.2575174
France,Pantin,2.4019804,48.8965023
France,Paray-Le-Fresil,3.61149,46.6551
France,Paris,2.320041,48.8588897
France,Passy,2.276485,48.8636341
France,Pau,-0.36856680000000003,43.2957547
France,Peillon,7.3821208,43.7783963
France,Perigueux,0.7184407,45.1909365
France,Perpignan,2.8953121,42.6985304
France,Peyrusse-Vieille,0.1804537,43.6293244
France,Pointe A Pitre,-61.5334077,16.2408636
France,Pointe-A-Pitre,-61.5334077,16.2408636
France,Poitiers,0.340196,46.5802596
France,Pont A Mousson,6.0547691,48.9025946
France,Pont-A-Mousson,6.0547691,48.9025946
France,Port-De-Bouc,4.9806998,43.403098
France,Port-Saint-Louis-Du-Rhone,4.8033753,43.3880925
France,Portes Les Valence,4.8774936,44.8753434
France,Pourcy,3.9144144,49.1573644
France,Prunay-Le-Temple,1.6731023,48.862077
France,Pusignan,5.06785,45.756100000000004
France,Puteaux,2.2368863,48.8841522
France,Quimper,-4.1024782,47.9960325
France,Rageade,3.2773335,45.1039726
France,Rambouillet,1.819207,48.6452851
France,Reims,4.031926,49.2577886
France,Remiremont,6.5912615,48.0158951
France,Rennes,-1.6800198,48.1113387
France,Reze,-1.5695287,47.1905456
France,Rieux,1.58039,49.93468
France,Riom,3.1140583,45.893012
France,Rive-De-Gier,4.6187386,45.5288401
France,Roanne,4.0729178,46.0345572
France,Rognac,5.2342903,43.4872341
France,Roisey,4.67228,45.3866
France,Romans-Sur-Isere,5.0528681,45.0458886
France,Roubaix,3.1741734,50.6915893
France,Rouen,1.0939658,49.4404591
France,Roumazieres Loubert,0.585504,45.90572
France,Roussillon,4.8124049,45.3735991
France,Royat,3.0477919,45.7643631
France,Sablons,4.7703525,45.3178687
France,Saillat Sur Vienne,0.8153056,45.8707107
France,Saint Amand Les Eaux,3.4281142,50.4491519
France,Saint Avold,6.7071754,49.1043397
France,Saint Brieuc,-2.7603283,48.5141134
France,Saint Chamond,4.5098046,45.4748298
France,Saint Denis,2.3580232,48.935773
France,Saint Dizier,4.9473513,48.6371125
France,Saint Etienne,4.3873058,45.4401467
France,Saint Etienne De Montluc,-1.7810546,47.2739351
France,Saint Fons,4.8532593,45.708491
France,Saint Jean De Braye,1.9737186,47.9200018
France,Saint Jean De Maurienne,6.3453329,45.2775258
France,Saint Joseph,-1.529802,49.5344534
France,Saint Julien Les Metz,6.2033148,49.1347537
France,Saint Julien Mont Denis,6.4041464,45.2558142
France,Saint Junien,0.9011111,45.8872222
France,Saint Laurent Blangy,2.8016229,50.2993922
France,Saint Laurent Des Arbres,4.6991386,44.0548235
France,Saint Lo,-1.0909278,49.115808
France,Saint Louis,7.1884164,48.7160783
France,Saint Malo,-2.0260409,48.649518
France,Saint Martin D Heres,5.75448,45.1836683
France,Saint Martin Du Tertre,3.257737,48.2121679
France,Saint Nazaire,-2.2138905,47.2733517
France,Saint Nicolas De Port,6.3022451,48.6310196
France,Saint Omer,2.2534183,50.7515771
France,Saint Paul,2.0100016,49.4318046
France,Saint Pierre,7.4718731,48.3832725
France,Saint Pol Sur Mer,2.3422205,51.0273731
France,Saint Quentin,3.2876843,49.8465253
France,Saint Remy Sur Avre,1.2405119,48.7628087
France,Saint-Brisson,4.0897895,47.2717078
France,Saint-Cyr,-1.4194777,49.4877114
France,Saint-Denis-D'anjou,-0.4405136,47.7909625
France,Saint-Gely-Du-Fesc,3.803981,43.6913873
France,Saint-Germain-Sur-Rhone,5.8174749,46.0595319
France,Saint-Michel-L'observatoire,5.7172174,43.9094494
France,Saint-Pierre-Des-Corps,0.7189761,47.3898152
France,Saint-Raphaël,1.0747165,45.3043079
France,Sainte Marguerite Sur Mer,0.9467867,49.9088387
France,Sainte Savine,4.0565359,48.2931517
France,Sainte Suzanne,6.7750956,47.5061216
France,Sainte-Clotilde,55.4765669,-20.8993896
France,Salaise Sur Sanne,4.8189855,45.3441237
France,Sallanches,6.6302551,45.9361246
France,Salome,2.83819,50.5365
France,Salon De Provence,5.0980225,43.6405237
France,Salouel,2.24173,49.8709
France,Sangatte,1.753713,50.9458037
France,Sarreguemines,7.0708865,49.1094836
France,Sarrola-Carcopino,8.8313735,41.998193
France,Savoie,4.0846576,48.2160016
France,Schiltigheim,7.7484488,48.604714800000004
France,Schoelcher,-61.1004559,14.6169451
France,Schoeneck,6.9240547,49.2207124
France,Scy Chazelles,6.1141574,49.1144083
France,Sens,3.282606,48.1978559
France,Sonchamp,1.8784145,48.5758959
France,Sotteville-Les-Rouen,1.089746,49.4151549
France,Spicheren,6.9677794,49.1923675
France,Strasbourg,7.7507127,48.584614
France,Tarascon,1.6067586,42.8458016
France,Tarbes,0.0781021,43.232858
France,Tartas,-0.8095934,43.8323121
France,Tavaux,5.40338,47.0371
France,Ternay,0.7774903,47.7304215
France,Thionville,6.1675872,49.3579272
France,Thonon Les Bains,6.4779448,46.3731303
France,Tinqueux,3.9861411,49.2479272
France,Tomblaine,6.2106707,48.6864409
France,Toulon,5.9304919,43.1257311
France,Toulouse,1.4442469,43.6044622
France,Tourcoing,3.1605714,50.7235038
France,Tourlaville,-1.570673,49.6401033
France,Tours,0.6889268,47.3900474
France,Tremblay-En-France,2.5589558,48.9802035
France,Trignac,-2.1894926,47.3176944
France,Troyes,4.0746257,48.2971626
France,Tulle,1.7706797,45.2678347
France,Val-De-Reuil,1.2128992,49.2716839
France,Valdoie,6.8413823,47.6651582
France,Valence,4.8920811,44.9332277
France,Valenciennes,3.5234846,50.3579317
France,Vannes,-2.7599079,47.6586772
France,Vaulx-En-Velin,4.9206153,45.7784255
France,Venaco,9.172566,42.2318667
France,Venissieux,4.8855966,45.6977109
France,Verneuil,3.6729823,49.0951412
France,Versailles,2.1266886,48.8035403
France,Vesoul,6.1544694,47.6197395
France,Vichy,3.4203658,46.124017
France,Vienne,4.87477,45.52524
France,Vierzon,2.0691421,47.2217489
France,Vif,5.669033,45.0554868
France,Village-Neuf,7.5696755,47.6054816
France,Villefranche Sur Saone,4.726611,45.9864749
France,Villemandeur,2.70819,47.9838
France,Villemomble,2.5076181,48.881886
France,Villeneuve Sur Allier,3.2488845,46.6590166
France,Villers Les Nancy,6.1536378,48.6731344
France,Villeurbanne,4.8868454,45.7733573
France,Villiers-En-Bois,-0.4065907,46.1487401
France,Vitrolles,5.9496043,44.4347105
France,Vitry Le Francois,4.5851622,48.7262225
France,Vitry-Sur-Seine,2.39164,48.7876
France,Vittel,5.9418851,48.2020717
France,Voiron,5.5910751,45.3631386
France,Volmunster,7.3536698,49.1218571
France,Voreppe,5.6361825,45.2928424
France,Wingles,2.85813,50.4953
France,Xonrupt-Longemer,6.9266841,48.0812783
France,Yzeure,3.3539775,46.5676568
Georgia,Abastumani,42.8319346,41.7535704
Georgia,Tbilisi,44.8014495,41.6934591
Germany,Aachen,6.083862,50.776351
Germany,Aalen,10.0929593,48.8375607
Germany,Alt Zauche-Wusswerk,14.0211815,51.9114958
Germany,Altenburg,12.4340988,50.9852411
Germany,Altstadt,9.9977795,53.5504928
Germany,Andechs,11.1828225,47.9746379
Germany,Annaberg Buchholz,13.0106108,50.5788781
Germany,Ansbach,10.5722288,49.3028611
Germany,Arzberg,12.1859087,50.0567356
Germany,Aschaffenburg,9.1493636,49.9740542
Germany,Aschersleben,11.462134,51.7559549
Germany,Augsburg,10.8979522,48.3690341
Germany,Auw Bei Prum,6.3379836,50.3004145
Germany,Bad Arolsen,9.0376388,51.3649894
Germany,Bad Belzig,12.5865873,52.1405622
Germany,Bad Hindelang,10.3699251,47.5062921
Germany,Bad Kreuznach,7.8657658,49.8431642
Germany,Bad Lauterberg Im Harz,10.4706667,51.6313633
Germany,Bad Reichenhall,12.8760923,47.7222676
Germany,Baden Baden,8.239959,48.7610716
Germany,Balingen,8.8557862,48.2737512
Germany,Bamberg,10.8868478,49.8916044
Germany,Bautzen,14.4276003,51.1809132
Germany,Bayreuth,11.5734327,49.9449711
Germany,Bebra,9.8388054,50.9835038
Germany,Belau,10.2594785,54.0974487
Germany,Bensheim,8.6288,49.6977
Germany,Berlin,13.3989367,52.510885
Germany,Bernau Bei Berlin,13.5881114,52.6787254
Germany,Bernburg,11.7391606,51.7930788
Germany,Bernhausen,9.2172571,48.6778282
Germany,Bezirk Lichtenberg,13.4727155,52.5182687
Germany,Biberach,9.7899938,48.0984413
Germany,Biberach An Der Riss,9.7899938,48.0984413
Germany,Bielefeld,8.531007,52.0191005
Germany,Bietigheim Bissingen,9.1364229,48.9493243
Germany,Bitterfeld,12.3301466,51.6239124
Germany,Bitterfeld-Wolfen,12.3076334,51.6425032
Germany,Blankenfelde-Mahlow,13.4119554,52.3479238
Germany,Bochum,7.2196635,51.4818111
Germany,Bonen,7.7588538,51.598077
Germany,Bonn,7.1024635,50.7352621
Germany,Borken,6.8583277,51.8444777
Germany,Borna,12.4999055,51.1241649
Germany,Bosel,7.9557027,53.0051978
Germany,Bottrop,6.929204,51.521581
Germany,Brandenburg,9.1747555,52.3362346
Germany,Brandenburg An Der Havel,12.5497933,52.4108261
Germany,Braubach,7.651073,50.2751222
Germany,Braunlage,10.6100516,51.7264388
Germany,Braunschweig,10.5236066,52.2646577
Germany,Breitenbach Am Herzberg,9.4992057,50.7823862
Germany,Bremen,8.8071646,53.0758196
Germany,Bremerhaven,8.5851945,53.5505392
Germany,Breuberg,9.0297787,49.8237774
Germany,Brunsbuttel,9.1395423,53.8972549
Germany,Buckow,14.0761529,52.5672167
Germany,Burg,6.3512069,49.9600346
Germany,Burgbernheim,10.3229575,49.4513351
Germany,Burghausen,12.8329419,48.1588645
Germany,Burglesum,8.691722,53.1610926
Germany,Carlsfeld,12.5875482,50.434609
Germany,Chemnitz,12.918914,50.8323531
Germany,Coburg,10.964561,50.2582226
Germany,Collm,13.0190283,51.3026566
Germany,Cottbus,14.3357307,51.7567447
Germany,Cuxhaven,8.698286,53.86878
Germany,Darmstadt,8.651177,49.872775
Germany,Datteln,7.3385906,51.651468
Germany,Delitzsch,12.342857,51.5255661
Germany,Dessau,12.2430723,51.8309956
Germany,Dillingen,10.4943532,48.577185
Germany,Dinslaken,6.7345106,51.5623618
Germany,Dornbock,11.8886928,51.8441155
Germany,Dortmund,7.4652789,51.5142273
Germany,Dreissigacker,10.3838608,50.5587594
Germany,Dresden,13.7381437,51.0493286
Germany,Duderstadt,10.2610699,51.5123672
Germany,Duisburg,6.759562,51.434999
Germany,Dunzweiler,7.305568,49.4158715
Germany,Duren,6.4820806,50.8031684
Germany,Dusseldorf,6.7763137,51.2254018
Germany,Eberswalde,13.7996542,52.8350807
Germany,Edertal,9.0887282,51.1629857
Germany,Eggebek,9.3777139,54.6201582
Germany,Eggenstein Leopoldshafen,8.4003114,49.088332
Germany,Eibenstock,12.5983957,50.4951715
Germany,Eisenach,10.3193565,50.9747134
Germany,Eisenhuttenstadt,14.6294413,52.1448863
Germany,Elsdorf,6.5698302,50.9371308
Germany,Elsterwerda,13.5204883,51.4614993
Germany,Emden,7.2058304,53.3670541
Germany,Emmerich Am Rhein,6.2428283,51.8322137
Germany,Erfurt,11.0287364,50.9777974
Germany,Erkelenz,6.3160684,51.080992
Germany,Erlangen,11.0056,49.5928616
Germany,Erpfingen,9.1946056,48.3507721
Germany,Erwitte,8.3396662,51.61431
Germany,Eschweiler,6.2630894,50.8175029
Germany,Essen,7.0158171,51.4582235
Germany,Esslingen,9.3071685,48.7427584
Germany,Feldbergplatz,8.3902102,48.9851914
Germany,Fellbach,9.278085,48.8181556
Germany,Filderstadt,9.2199647,48.6664
Germany,Flensburg,9.4333264,54.7833021
Germany,Frankenthal,8.3541391,49.5353466
Germany,Frankfurt,8.6820917,50.1106444
Germany,Frankfurt Am Main,8.6820917,50.1106444
Germany,Freiberg,13.3428889,50.9169415
Germany,Freiburg Im Breisgau,7.8494005,47.9960901
Germany,Freudenstadt,8.4111727,48.4637727
Germany,Friedrichshafen,9.4800858,47.6500279
Germany,Friesenheim,7.882329,48.3734866
Germany,Fulda,9.6770448,50.5542328
Germany,Furth,12.0212216,48.5915163
Germany,Garmisch-Partenkirchen,11.0962815,47.4923741
Germany,Gartringen,8.9026429,48.6419368
Germany,Garz,14.1705917,53.8811804
Germany,Gehlberg,10.7899171,50.6789817
Germany,Gelsenkirchen,7.0960124,51.5110321
Germany,Gera,12.0832674,50.8765528
Germany,Gersfeld,9.8943709,50.4497667
Germany,Gevelsberg,7.3404792,51.3207417
Germany,Giessen,8.6938161,50.5808795
Germany,Gladbeck,6.9877343,51.5718665
Germany,Glashutten,11.4491309,49.8896527
Germany,Glauchau,12.5397873,50.8199031
Germany,Gohlen,11.3682687,53.3060467
Germany,Gorlitz,14.991018,51.1563185
Germany,Goslar,10.4266284,51.9059936
Germany,Gottingen,9.9351811,51.5328328
Germany,Grebenau,9.4369168,50.7302717
Germany,Greiz,12.1734848,50.6477963
Germany,Grevenbroich,6.5848937,51.0862467
Germany,Gulzow-Pruzen,12.0664473,53.767825
Germany,Gustrow,12.1764906,53.793587
Germany,Gutsbezirk Kaufunger Wald,9.7383135,51.2820185
Germany,Hafen,6.7335758,51.2170292
Germany,Hagen,7.473296,51.3582945
Germany,Halberstadt,11.0520563,51.8953514
Germany,Halle,11.9712985,51.4824354
Germany,Hamburg,10.000654,53.550341
Germany,Hamm,6.4184628,50.0165178
Germany,Hanau,8.9169797,50.132881
Germany,Hannover,9.7385532,52.3744779
Germany,Harzgerode,11.1465703,51.6381169
Germany,Hattingen,7.1862486,51.4007175
Germany,Heidelberg,8.694724,49.4093582
Germany,Heidenheim An Der Brenz,10.152923,48.6767637
Germany,Heilbronn,9.218655,49.142291
Germany,Heinsberg,6.0984461,51.0654268
Germany,Hemmingen,9.7454815,52.3212183
Germany,Heppenheim,8.66768,49.64999
Germany,Herdorf,7.9514498,50.7788397
Germany,Herne,7.219985,51.5380394
Germany,Herrenberg,8.8702368,48.5963819
Germany,Hettstedt,11.4999986,51.6500047
Germany,Hof,11.9178807,50.3219015
Germany,Horb Am Neckar,8.6914794,48.4447943
Germany,Hoyerswerda,14.250083,51.4333103
Germany,Hurth,6.876568,50.8807379
Germany,Ilsfeld,9.2458327,49.0553992
Germany,Ingersheim,9.1819904,48.9670153
Germany,Ingolstadt,11.4250395,48.7630165
Germany,Innenstadt,8.6835914,50.114558100000004
Germany,Iserlohn,7.6999713,51.3746778
Germany,Itzehoe,9.5172441,53.919448
Germany,Jena,11.5879359,50.9281717
Germany,Jork,9.6814319,53.5328436
Germany,Jossgrund,9.4585777,50.1607734
Germany,Juchen,6.5036893,51.1017138
Germany,Kaiserslautern,7.7689951,49.4432174
Germany,Kamen,7.6616804,51.5918019
Germany,Kamp Lintfort,6.547923,51.5017981
Germany,Karlsruhe,8.4034195,49.0068705
Germany,Kassel,9.4978479,51.3157833
Germany,Kehl,7.8109768,48.5728929
Germany,Kelheim,11.8722777,48.91849
Germany,Kempten,10.3168835,47.7267063
Germany,Kiel,10.135555,54.3227085
Germany,Kleinwallstadt,9.1652441,49.8727722
Germany,Klingenthal,12.4678923,50.3581046
Germany,Klotze,11.165058,52.6276465
Germany,Koblenz,7.5943951,50.3533278
Germany,Koblenzer Straße,7.2459807,50.3261237
Germany,Koln,6.959974,50.938361
Germany,Konigs Wusterhausen,13.6244389,52.2994511
Germany,Konstanz,9.1750718,47.659216
Germany,Krefeld,6.5623343,51.3331205
Germany,Kuchen,9.7988085,48.6356856
Germany,Kulmbach,11.4479149,50.1008448
Germany,Lahr,6.2909576,49.9440252
Germany,Lampertheim,8.4093474,49.6239449
Germany,Landshut,12.1516551,48.536217
Germany,Lauterbach,10.3551323,51.0691221
Germany,Leipzig,12.3747329,51.3406321
Germany,Leisel,7.2002544,49.7189044
Germany,Leizen,12.4762859,53.3656956
Germany,Leonberg,9.0150026,48.8012983
Germany,Leuna,12.0195081,51.3233638
Germany,Leverkusen,6.9881194,51.0324743
Germany,Lichtenstein,9.2591169,48.4209332
Germany,Limburg,8.075668,50.406558
Germany,Lindau,9.6926624,47.550753
Germany,Linden,7.8504832,50.6019526
Germany,Lingen,7.316584,52.5224659
Germany,Lubeck,10.684738,53.866444
Germany,Luchow,10.5322354,53.6893717
Germany,Ludenscheid,7.6396975,51.218137
Germany,Luder,10.6672613,52.8098261
Germany,Ludwigsburg,9.1895147,48.8953937
Germany,Ludwigshafen,8.4381568,49.4704113
Germany,Ludwigshafen Am Rhein,8.4381568,49.4704113
Germany,Luneburg,10.407855,53.248706
Germany,Lunen,7.5228088,51.6142482
Germany,Lutherstadt Wittenberg,12.646761,51.8666527
Germany,Magdeburg,11.6400789,52.1314783
Germany,Mainz,8.2736253,49.9995205
Germany,Mannheim,8.4673098,49.4892913
Germany,Marbach Am Neckar,9.256396,48.9402085
Germany,Marburg,8.7704695,50.8090106
Germany,Markgroningen,9.0808114,48.9050626
Germany,Maximiliansau,8.2869901,49.0344882
Germany,Meerbusch,6.6760958,51.2652237
Germany,Mehring,6.8253457,49.7980275
Germany,Meiningen,10.4153029,50.56761
Germany,Merzalben,7.7307825,49.2445268
Germany,Metternich,7.5567378,50.3659761
Germany,Mettmann,6.9777778,51.2527778
Germany,Mewegen,14.2463305,53.5178429
Germany,Michelstadt,9.05647,49.68841
Germany,Mitte,13.3888222,52.517012
Germany,Mogglingen,9.9620753,48.8233478
Germany,Monchengladbach,6.4353792,51.1947131
Germany,Montabaur,7.8302494,50.4362219
Germany,Muhlacker,8.8492931,48.9487272
Germany,Muhlhausen,10.4589044,51.2094255
Germany,Mulheim,6.8829192,51.4272925
Germany,Mulheim An Der Ruhr,6.8829192,51.4272925
Germany,Munchen,11.5753822,48.1371079
Germany,Munster,7.6251879,51.9625101
Germany,Murg,8.0251078,47.5565252
Germany,Naila,11.7084131,50.3296301
Germany,Nauen,12.8772599,52.6061065
Germany,Netphen,8.1026183,50.9125904
Germany,Nettetal,6.2714171,51.3155092
Germany,Netzschkau,12.2487152,50.6133033
Germany,Neu-Ulm,10.0005211,48.3953489
Germany,Neubrandenburg,13.2602781,53.557445800000004
Germany,Neuenburg,8.5886312,48.8464524
Germany,Neuenburg Am Rhein,7.5627871,47.8155916
Germany,Neuglobsow,13.0500764,53.1467207
Germany,Neuhaus Am Rennweg,11.1407613,50.5105578
Germany,Neuhausen,13.4667,50.675
Germany,Neuruppin,12.8092919,52.9243859
Germany,Neuss,6.6916476,51.1981778
Germany,Neustadt,8.1350021,49.3539802
Germany,Neustadt A.d.donau,11.7638092,48.8091474
Germany,Neustadt An Der Donau,11.7638092,48.8091474
Germany,Neustadt An Der Weinstrasse,8.1350021,49.3539802
Germany,Neuwied,7.466302,50.4302393
Germany,Niederzier,6.46667,50.8833
Germany,Norderney,7.1438175,53.7056126
Germany,Norderstedt,9.9891914,53.7089898
Germany,Nordhausen,10.7925317,51.5051574
Germany,Nurnberg,11.077298,49.453872
Germany,Oberaudorf,12.1719882,47.6485636
Germany,Oberbexbach,7.2636847,49.3678661
Germany,Oberbodnitz,11.6589441,50.8114345
Germany,Oberhausen,6.8514435,51.4696137
Germany,Oberried,7.9498704,47.9330055
Germany,Oberried-Hofsgrund,7.8980993,47.900949
Germany,Oettingen In Bayern,10.6039216,48.9529964
Germany,Offenbach Am Main,8.7610698,50.1055002
Germany,Offenburg,7.9429235,48.4695984
Germany,Oldenburg,8.2146017,53.1389753
Germany,Osnabruck,8.047635,52.2719595
Germany,Ostringen,8.7097172,49.2192418
Germany,Overath,7.2839042,50.9320015
Germany,Paderborn,8.752653,51.7177044
Germany,Passau,13.4609744,48.5748229
Germany,Pfinztal,8.5553158,48.9918661
Germany,Pforzheim,8.7025509,48.890934
Germany,Pfullendorf,9.2559822,47.924349
Germany,Pirmasens,7.6087847,49.1996961
Germany,Pirolweg,10.0342158,52.4545323
Germany,Plauen,12.1346523,50.4950632
Germany,Pleidelsheim,9.2045813,48.9596036
Germany,Plochingen,9.4184961,48.711173
Germany,Possen,10.8599959,51.3387414
Germany,Potsdam,13.0591397,52.4009309
Germany,Pouch,12.4069781,51.622527
Germany,Premnitz,12.3394514,52.528092
Germany,Quitzdorf Am See,14.7327717,51.2994062
Germany,Radebeul,13.6767995,51.0999765
Germany,Ratingen,6.8493503,51.2973261
Germany,Ratzeburg,10.774288,53.7011061
Germany,Raunheim,8.4499439,50.0097685
Germany,Ravensburg,9.612468,47.7811014
Germany,Recklinghausen,7.1978546,51.6143815
Germany,Regensburg,12.0974869,49.0195333
Germany,Rehlingen-Siersburg,6.6792048,49.3671651
Germany,Reinheim,8.8238238,49.8364879
Germany,Remscheid,7.1943544,51.1798706
Germany,Remseck Am Neckar,9.2735947,48.8727053
Germany,Reutlingen,9.2114144,48.4919508
Germany,Rheinallee,8.2553768,50.0156727
Germany,Ricklingen,9.706437,52.3340255
Germany,Riedstadt,8.4829447,49.8425212
Germany,Rinteln,9.0804584,52.1873798
Germany,Roetgen,6.1967728,50.6471603
Germany,Rosengarten,9.9048979,53.3983771
Germany,Rostock,12.1400211,54.0886707
Germany,Rothenklempenow,14.2002958,53.5169008
Germany,Rovershagen,12.239515,54.1749967
Germany,Rubenach,7.5192294,50.3700135
Germany,Rudersdorf Bei Berlin,13.8288504,52.4837111
Germany,Russelsheim Am Main,8.446357,49.9819502
Germany,Saal An Der Donau,11.9174789,48.865115
Germany,Saalfeld,11.3610041,50.6479143
Germany,Saarbrucken,6.996379,49.234362
Germany,Saarlouis,6.749846,49.3164661
Germany,Salzgitter,10.3593147,52.1503721
Germany,Salzwedel,11.1539699,52.8528456
Germany,Sankt Oswald,13.4381362,48.9372787
Germany,Schierke,10.6593718,51.7644243
Germany,Schmiedefeld Am Rennsteig,10.8145471,50.6085447
Germany,Schramberg,8.3852168,48.225478
Germany,Schwabach,11.0207677,49.3290521
Germany,Schwabisch Gmund,9.7977584,48.7999036
Germany,Schwabisch Hall,9.7369047,49.1123963
Germany,Schwandorf,12.109270799999999,49.3261854
Germany,Schwedt,14.2840858,53.0586366
Germany,Schweinfurt,10.2335087,50.0499318
Germany,Schwerin,11.4148038,53.6288297
Germany,Schwerte,7.5674652,51.445525
Germany,Siegen,8.0256131,50.8751175
Germany,Siesbach,7.2395857,49.7303532
Germany,Simmerath,6.3005267,50.6072499
Germany,Sindelfingen,9.0035455,48.7084162
Germany,Soest,8.1061259,51.5725501
Germany,Solingen,7.0845893,51.1721629
Germany,Solling,9.6190593,51.7238746
Germany,Sommerda,11.1174874,51.1618258
Germany,Sondershausen,10.8668419,51.366604100000004
Germany,Sonnenbuhl,9.1801071,48.3831336
Germany,Spessart,7.109607,50.4389207
Germany,Speyer,8.433615,49.3165553
Germany,Spremberg,14.3804302,51.5714513
Germany,Stadtmitte,12.1365261,54.0889596
Germany,Stechlin,13.0549455,53.0824967
Germany,Steinheim An Der Murr,9.2789021,48.9652015
Germany,Stendal,11.8594279,52.6050782
Germany,Stolberg,6.2295504,50.7702908
Germany,Stralsund,13.0820846,54.3096314
Germany,Straße Des Friedens,13.94792,51.8543746
Germany,Stuttgart,9.1800132,48.7784485
Germany,Sud,8.6375502,50.0619144
Germany,Sudharz,11.0289545,51.5335089
Germany,Sudstadt-Bult,9.759268,52.3578413
Germany,Suhl,10.6926437,50.6086518
Germany,Sulzbach,7.7518932,50.302682
Germany,Sulzbach-Rosenberg,11.7396963,49.5051888
Germany,Sylt,8.4192646,54.8624846
Germany,Tauberbischofsheim,9.6627138,49.6229682
Germany,Tiefenbach,7.5439937,49.93772
Germany,Titz,6.4270178,51.0075203
Germany,Trattendorf,14.3760271,51.5488586
Germany,Trier,6.6441878,49.7596208
Germany,Trostberg,12.5654359,48.0321101
Germany,Tubingen,9.053596,48.5203263
Germany,Ulm,9.9912458,48.3984968
Germany,Unna,7.689014,51.5348835
Germany,Urbach,7.5866405,50.5599577
Germany,Villingen Schwenningen,8.4929618,48.063152
Germany,Volklingen,6.859519,49.2522866
Germany,Waiblingen,9.3163822,48.8325659
Germany,Waldshut,8.2120605,47.6246179
Germany,Walsrode,9.5883023,52.8625395
Germany,Walzbachtal,8.5951975,49.0234631
Germany,Warstein,8.3536824,51.4458105
Germany,Wascheid,6.4140054,50.2509037
Germany,Wasserkuppe,9.9444459,50.4985766
Germany,Weiden,7.3007004,49.8068258
Germany,Weil Am Rhein,7.6120793,47.6056484
Germany,Weimar,11.3297921,50.9793301
Germany,Weissenfels,11.9667857,51.1999793
Germany,Wendlingen Am Neckar,9.3838404,48.6727602
Germany,Wermsdorf,12.9389605,51.2800216
Germany,Wernigerode,10.7862526,51.8344172
Germany,Wesel,6.617087,51.6576909
Germany,Westerland,8.3071734,54.9064856
Germany,Wetzlar,8.531245,50.570561
Germany,Wiesbaden,8.2416556,50.0820384
Germany,Wiesloch,8.698707,49.2942599
Germany,Wilhelmsfeld,8.7616311,49.4656923
Germany,Wilhelmshaven,8.106301,53.5278793
Germany,Wismar,11.4647932,53.8909832
Germany,Witten,7.335124,51.4370171
Germany,Wittenberg,12.646761,51.8666527
Germany,Witzenhausen,9.8434192,51.3331901
Germany,Wolfsburg,10.7861682,52.4205588
Germany,Wolgast,13.7757809,54.0536473
Germany,Worms,8.3620898,49.6302618
Germany,Worth,10.4092105,53.4684056
Germany,Worth Am Rhein,8.2667399,49.0543232
Germany,Wuppertal,7.1780374,51.264018
Germany,Wurzburg,9.9309779,49.7933723
Germany,Wörth,8.2667399,49.0543232
Germany,Zeitz,12.1349991,51.0491637
Germany,Zella-Mehlis,10.6639646,50.6560839
Germany,Zierenberg,9.275937,51.3869629
Germany,Zingst,12.6821366,54.4387302
Germany,Zinnwald,13.766201,50.7379125
Germany,Zittau,14.8064807,50.8960964
Germany,Zwickau,12.4939267,50.7185043
Ghana,Accra,-0.2012376,5.5571096
Greece,Agia Paraskevi,23.8226942,38.0066759
Greece,Aliartos,23.1015479,38.3727657
Greece,Ano Liosia,23.7059206,38.0850569
Greece,Athens,23.7348324,37.9755648
Greece,Elefsina,23.5348663,38.047608
Greece,Eleftherio Kordelio,22.8945781,40.668768
Greece,Ioannina,20.8522784,39.6639818
Greece,Koropi,23.1428984,39.2932397
Greece,Larisa,22.4160706,39.6383092
Greece,Likovrisi,23.7890701,38.0638742
Greece,Marousi,23.8081533,38.0546653
Greece,Nea Smirni,23.7142034,37.9428259
Greece,Neochorouda,22.8747309,40.7372366
Greece,Panorama,25.1965844,35.1476805
Greece,Patra,21.7350847,38.246242
Greece,Peristeri,23.6955137,38.0128111
Greece,Sindos,22.8032086,40.6705055
Greece,Thessaloniki,22.9352716,40.6403167
Greece,Thrakomakedones,23.7573686,38.1294473
Greece,Volos,22.9401864,39.3624833
Guatemala,Guatemala,-90.5132836,14.6416142
Guatemala,Guatemala City,-90.5132836,14.6416142
Honduras,Tegucigalpa,-87.2040052,14.1057433
Hungary,Ajka,17.5587276,47.1056579
Hungary,Budapest,19.0402383,47.4978789
Hungary,Debrecen,21.6259782,47.531399
Hungary,Dunaujvaros,18.9405047,46.9649048
Hungary,Esztergom,18.7403377,47.7856939
Hungary,Gyor,17.6346815,47.687609
Hungary,Hernadszurdok,21.2053734,48.480551
Hungary,Kazincbarcika,20.6223251,48.2544414
Hungary,Kecskemet,19.6917206,46.9073883
Hungary,Miskolc,20.7900429,48.1030643
Hungary,Nyiregyhaza,21.7167982,47.9557802
Hungary,Pecs,18.2280317,46.0765092
Hungary,Sajoszentpeter,20.7087764,48.2183544
Hungary,Sarrod,16.860754,47.634367
Hungary,Sopron,16.5983457,47.6803063
Hungary,Szazhalombatta,18.9120948,47.3171992
Hungary,Szeged,20.1486016,46.2546312
Hungary,Tatabanya,18.3979855,47.583845
Hungary,Veszprem,17.9080406,47.0933824
Iceland,Akureyri,-18.0912993,65.6826364
Iceland,Grundartangi,-21.7841266,64.3601585
Iceland,Husavik,-17.3410402,66.0433168
Iceland,Kalfafell,-15.8938847,64.1810585
Iceland,Keflavik,-22.5565373,63.9997694
Iceland,Kopavogur,-21.9048106,64.1113504
Iceland,Reykjavik,-21.9422367,64.145981
Iceland,Suðurnesjabær,-22.6503009,64.0704701
India,Adilabad,78.5339895,19.6759452
India,Agartala,91.2823821,23.8312377
India,Agra,78.0098161,27.1752554
India,Ahmedabad,72.5800568,23.0215374
India,Aizawl,92.7382756,23.7433532
India,Akola,77.002632,20.7116604
India,Alappuzha,76.3291487,9.4923271
India,Aligarh,78.0690216,27.8815412
India,Alipurduar,89.5246926,26.4851573
India,Allahabad,81.8338005,25.4381302
India,Alwar,76.6132248,27.5645949
India,Ambernath,73.2004771,19.2015607
India,Amlai,81.5917253,23.1732678
India,Amona,73.9838381,15.5354085
India,Amravati,77.7588455,20.9316219
India,Amritsar,74.8787496,31.6356659
India,Amtala,77.3716027,25.5960899
India,Anantapur,77.6065039,14.6783221
India,Angul,85.0973949,20.8382426
India,Anpara,82.7715236,24.2055078
India,Asansol,86.9746587,23.6871297
India,Aspal Khurd,75.5447263,30.2071583
India,Aurangabad,75.3390241,19.877263
India,Baddi,76.8063071,30.9339975
India,Badlapur,76.932209,20.7807831
India,Bagalkote,75.6967919,16.1853166
India,Baghpat,77.2193369,28.943402
India,Baharampur,88.2510635,24.1044927
India,Balasore,86.9216712,21.5017098
India,Balurghat,88.7780654,25.2234352
India,Bangalore,77.590082,12.9767936
India,Bankura,87.0660229,23.235601
India,Bara Pind,75.815792,31.1176188
India,Barajamda,85.4078007,22.1640821
India,Barasat,88.4826229,22.7191072
India,Bardhaman,87.8681751,23.2495714
India,Barrackpore,88.3776088,22.7641623
India,Baruipur,88.4322502,22.3606792
India,Begusarai,86.1348804,25.4139122
India,Belgaum,74.5069343,15.8572666
India,Berhampur,86.6538825,21.5340187
India,Bharatpur,77.4986962,27.2154447
India,Bhatinda,74.9463699,30.206791
India,Bhiwadi,76.837441,28.2039413
India,Bhopal,77.401989,23.2584857
India,Bhubaneshwar,85.8394521,20.2602964
India,Bicholim,73.9457096,15.5902655
India,Bidar,77.511315,17.9166022
India,Bijapur,80.815939,18.7935679
India,Bilaspur,76.7611631,31.3380959
India,Binjon,76.0045337,31.2640988
India,Bishanpura,79.0140217,25.2463085
India,Bodhgaya,84.9937642,24.6962612
India,Bolpur,87.6962424,23.661154
India,Bongaigaon,90.5580387,26.4800126
India,Byrnihat,91.8696498,26.0543348
India,Champhai,93.3198879,23.4787183
India,Chandigarh,76.7797143,30.7334421
India,Chandrapur,79.2986673,19.9508161
India,Changal,75.7927035,30.2855305
India,Chennai,80.270186,13.0836939
India,Chhindwara,78.9386203,22.0578244
India,Chitradurga,76.4005122,14.2266443
India,Chittorgarh,74.6244155,24.8837157
India,Codli,74.148279,15.3399124
India,Coimbatore,76.9628425,11.0018115
India,Coochbehar,89.4812163,26.340623
India,Cuddalore,79.7503064,11.7426938
India,Cuncolim,73.9978596,15.1801323
India,Curchorem,74.1082756,15.2617381
India,Cuttack,85.8792,20.4686
India,Daman,72.833173,20.4169701
India,Damtal,75.6722344,32.2539125
India,Dankuni,88.2907444,22.6820899
India,Darjeeling,88.263176,27.037755400000002
India,Dawki,92.0215717,25.1856343
India,Dehradun,78.0436813,30.3255646
India,Delhi,77.2197713,28.6328027
India,Dera Baba Nanak,75.0284641,32.0317917
India,Dera Bassi,76.8438542,30.5882408
India,Dewas,76.054867,22.96363
India,Dhanbad,86.4309638,23.7952809
India,Dharamshala,76.3196717,32.2143039
India,Dibrugarh,94.9019447,27.4844597
India,Dimapur,93.721703,25.911744
India,Dombivali,73.0747522,19.1967698
India,Durgapur,87.3380425,23.5350475
India,Eluru,81.1153816,16.7104257
India,Faridabad,77.3105561,28.4031478
India,Faridkot,74.7517033,30.6729772
India,Fatehpur,80.8105997,25.9291159
India,Firozabad,78.3991439,27.1527986
India,Gajraula,78.2452916,28.8360988
India,Gangtok,88.6122673,27.329046
India,Gaya,85.0079563,24.7964355
India,Ghatal,87.7338573,22.6645296
India,Ghaziabad,77.4120356,28.6711527
India,Gobindgarh,75.9461613,30.8613538
India,Golaghat,93.9743686,26.5108262
India,Greater Noida,77.5137649,28.4670734
India,Gulaba,77.2009755,32.3223096
India,Gulbarga,76.8334228,17.3310003
India,Guntur,80.4541588,16.2915189
India,Gurgaon,77.0299194,28.4646148
India,Guru Ki Dhab,74.8615552,30.4957808
India,Guwahati,91.753943,26.1805978
India,Gwalior,78.1573628,26.2037247
India,Haldia,88.0632655,22.028124
India,Haldwani,79.5279012,29.2144809
India,Hapur,77.775499,28.7299677
India,Haridwar,78.1452985,29.9384473
India,Hassan,76.0992703,13.0070817
India,Hisar,75.7292303,29.1562688
India,Honda,74.0585804,15.5431308
India,Hoshiarpur,75.9025485,31.5328523
India,Howrah,88.3251045,22.5736296
India,Hubli Dharwad,75.0083448,15.4602077
India,Hubli-Dharwad,75.0083448,15.4602077
India,Hyderabad,78.4740613,17.360589
India,Imphal,93.9364419,24.7991162
India,Indore,75.8681996,22.7203616
India,Jabalpur,79.9324505,23.1701522
India,Jaipur,75.8189817,26.9154576
India,Jalandhar,75.576889,31.3323762
India,Jalgaon,75.5696003,21.0100695
India,Jalna,75.8818806,19.8393394
India,Jalpaiguri,88.7197513,26.5241586
India,Jammu,74.8580917,32.7185614
India,Jamnagar,70.0552102,22.4732415
India,Jamshedpur,86.2029579,22.8015194
India,Jhansi,78.5800085,25.4502464
India,Jhargram,86.9949477,22.4538505
India,Jharia,86.4145678,23.7407998
India,Jharsuguda,84.0239656,21.8653634
India,Jodhpur,73.0351433,26.2967719
India,Kadapa,78.8216861,14.4752936
India,Kakinada,82.2350607,16.9437385
India,Kala Amb,77.2109116,30.4977583
India,Kalimpong,88.4723676,27.0702869
India,Kalinga Nagar,83.2518701,17.7480904
India,Kalyani,88.4345915,22.9749723
India,Kanpur,80.3217588,26.4609135
India,Karaikal,79.8375761,10.91571
India,Karimnagar,79.1328042,18.4348122
India,Karwar,74.1319229,14.8120931
India,Kashipur,78.9617306,29.2117573
India,Katni,80.392456,23.8339621
India,Kavaratti,72.6394636,10.5672203
India,Khammam,80.1500326,17.2465351
India,Khanna,76.2220763,30.700625
India,Kharagpur,87.3012875,22.34309
India,Khliehriat,92.3669702,25.3587124
India,Khurja,77.853916,28.2532652
India,Kochi,76.2444378,9.9679032
India,Kohima,94.1019156,25.6618755
India,Kolar,78.1337246,13.1367201
India,Kolasib,92.6773489,24.2264657
India,Kolhapur,74.2405329,16.7028412
India,Kolkata,88.3638953,22.5726459
India,Kollam,76.5907017,8.8870815
India,Konark,86.0923104,19.8899428
India,Korba,82.7110855,22.3547468
India,Kota,75.8574194,25.1737019
India,Kothagudem,80.6137392,17.5477152
India,Kothur,78.2886922,17.1486076
India,Kottayam,76.5221599,9.591564
India,Kozhikode,75.7754716,11.2450558
India,Krishnanagar,88.4958935,23.4058481
India,Kurnool,78.0425373,15.8309251
India,Lakhimpur,80.7815166,27.946309
India,Lakho Ke Behram*,74.4483954,30.8247223
India,Latur,76.5625913,18.3982273
India,Lote,73.483513,17.6104537
India,Lucknow,80.9346001,26.8381
India,Ludhiana,75.851601,30.9090157
India,Lunglei,92.7470391,22.8931695
India,Madhyamgram,88.4676873,22.6988821
India,Madurai,78.1140983,9.9261153
India,Mahad,73.42438,18.080753
India,Malapuram,79.50541,10.96897
India,Malda,88.1398483,25.0057449
India,Manali,77.1872926,32.2454608
India,Mandya,76.8961961,12.5238888
India,Mangan,88.5355333,27.5011476
India,Mapusa,73.8102146,15.590853
India,Margao,73.9583159,15.272923
India,Margherita,95.6727142,27.2895321
India,Marhi,81.2750264,24.5722006
India,Mathura,77.6855554,27.4955539
India,Medinipur,87.3269963,22.4207025
India,Meerut,77.7061915,28.9963296
India,Mettur,77.7980929,11.7902463
India,Moradabad,78.7732864,28.8334982
India,Mormugao,73.7936048,15.4102428
India,Mukandpur,77.7912733,23.5801307
India,Mumbai,72.8692035,19.054999
India,Muzaffarnagar,77.6961699,29.4662369
India,Muzaffarpur,85.3857888,26.1182898
India,Mysore,76.6553609,12.3051828
India,Nagaon,92.6858215,26.3482238
India,Nagda,75.4191114,23.4578957
India,Nagpur,79.0820556,21.1498134
India,Nahan,77.2923596,30.5601803
India,Naharlagun,93.6923923,27.103045
India,Nalagarh,76.7176443,31.042466
India,Nalbari,91.4354335,26.445568
India,Namchi,88.3651981,27.1661262
India,Nanded,77.311013,19.169335
India,Nashik,73.7902364,20.0112475
India,Navi Mumbai,73.0198537,19.0308262
India,Naya Nangal,76.3542693,31.3885494
India,Nellore,79.9873763,14.4493717
India,Nizamabad,78.0978477,18.6732693
India,Noida,77.3272147,28.5706333
India,Nongstoin,91.2677506,25.5193851
India,North Lakhimpur,94.1038765,27.236211
India,Ongole,80.0499454,15.5058714
India,Palakkad,76.6521319,10.7681928
India,Panaji,73.8282141,15.4989946
India,Panchkula,76.8551066,30.6975401
India,Paonta Sahib,77.6211774,30.4384439
India,Paradeep,86.651058,20.2685001
India,Parwanoo,76.9601747,30.837887
India,Patancheru,78.2674254,17.528609199999998
India,Pathanamthitta,76.7871514,9.2655337
India,Pathankot,75.6528858,32.2692452
India,Patiala,76.4127819,30.3295605
India,Patlara,75.6611662,22.1727787
India,Patna,85.1235252,25.6093239
India,Peer Mohammad,75.0391504,31.0649053
India,Pelling,88.2356503,27.3003722
India,Ponda,80.0315,23.5109579
India,Pondicherry,79.8306447,11.9340568
India,Poohli,75.0830876,30.2945677
India,Prakasam,78.4252651,17.5184713
India,Puducherry,79.8306447,11.9340568
India,Pulwama,74.9003129,33.8756947
India,Pune,73.8545071,18.5213738
India,Puri,85.8252538,19.8076083
India,Purulia,86.3672378,23.3291882
India,Raebareli,81.2465203,26.2207738
India,Raichur,77.3527444,16.1983225
India,Raigarh,83.3965501,21.897618
India,Raipur,81.6336993,21.2380912
India,Rajahmundry,81.7804732,17.0050454
India,Rajgangpur,84.5867472,22.1911263
India,Rajgir,85.4207368,25.0299973
India,Rajkot,70.8028377,22.3053263
India,Rakhra*,78.7727744,25.9622726
India,Ramagundam,79.4787848,18.7615156
India,Rampurhat,87.7859569,24.1763069
India,Ranaghat,88.563677,23.1738124
India,Ranchi,85.3250387,23.3700501
India,Rangpo,88.5303403,27.1744361
India,Raniganj,87.119735,23.6105991
India,Rasulpur,77.7125464,20.9314102
India,Ravangla,88.3644723,27.3051271
India,Rayagada,83.418,19.1696
India,Rishikesh,78.2916193,30.1086537
India,Roha,73.1195957,18.4356709
India,Rohila,77.5256467,31.1552057
India,Rourkela,84.8678705,22.2309255
India,Rudrapur,79.3972845,28.9707183
India,Sagar,78.7466817,23.8417793
India,Saharanpur,77.5427464,29.9637438
India,Salem,78.1581771,11.6551982
India,Sambalpur,83.9761511,21.4705391
India,Sangareddy,78.0817225,17.6155151
India,Sangli,74.5948885,16.8502534
India,Sangrur,75.8358123,30.2432006
India,Sanguem,74.1512667,15.2282657
India,Sankrail,87.1349099,22.2098128
India,Saraikela,85.931258,22.6996392
India,Sasaram,84.0148733,24.9509656
India,Satna,80.8325721,24.5751308
India,Shillong,91.8827872,25.5759931
India,Shimla,77.1709729,31.1041526
India,Sibsagar,94.6394226,26.9834936
India,Silchar,92.797148000000007,24.829588
India,Siliguri,88.4309916,26.7164127
India,Silvassa,73.0045787,20.2736768
India,Sindri,86.4896289,23.6751544
India,Singrauli,82.6661453,24.1974432
India,Singtam,88.4970841,27.2319975
India,Sivasagar,94.6394226,26.9834936
India,Solapur,75.9008118,17.6699734
India,Srikakulam,83.8938844,18.2949307
India,Srinagar,74.8204443,34.0747444
India,Sunder Nagar,78.8176775,29.1166624
India,Surat,72.8317058,21.2094892
India,Suri,87.5277255,23.9080538
India,Talcher,85.2111736,20.9458183
India,Tamluk,87.9255933,22.2896984
India,Tezpur,92.7976082,26.6229928
India,Thane,72.9701779,19.1943294
India,Thiruvananthapuram,76.947551,8.4882267
India,Thoothukudi,78.1452745,8.8052602
India,Tinsukia,95.3601855,27.4879722
India,Tirumala,79.3497522,13.6795235
India,Tirupati,79.4231711,13.6316368
India,Trichy,78.6880939,10.8071144
India,Tuem,73.795665,15.6665677
India,Tura,90.2171526,25.5125616
India,Tuticorin,78.1452745,8.8052602
India,Udaipur,73.6862571,24.578721
India,Ujjain,75.7716562,23.1885131
India,Ulhasnagar,73.1671515,19.2236329
India,Uluberia,88.1011108,22.4700318
India,Una,71.0391641,20.8198898
India,Unnao,80.487148,26.543584
India,Usgao,74.0649211,15.4437528
India,Vadodara,73.1942567,22.2973142
India,Vapi,72.9166501,20.371603
India,Varanasi,83.0076292,25.3356491
India,Vasco,73.8129178,15.398403
India,Vashisht,77.1875916,32.2668589
India,Vijayawada,80.6160469,16.5115306
India,Vizag,83.2921297,17.6935526
India,Vizianagaram,83.4114389,18.1141255
India,Warangal,79.5970954,17.9820644
India,Yamunanagar,77.286329,30.1231349
Indonesia,Bandung,107.6070833,-6.9218457
Indonesia,Jakarta,106.827168,-6.1754049
Indonesia,Medan,98.6741623,3.5894617
Indonesia,Pekanbaru,101.4515727,0.5262455
Indonesia,South Tangerang,106.7085737,-6.3227016
Iran,Abadan,48.2591475,30.3636097
Iran,Ahvaz,48.7597528,31.2462916
Iran,Ahwaz,48.7597528,31.2462916
Iran,Arak,49.6893884,34.0862719
Iran,Asad Abad,50.5980731,32.375854
Iran,Birjand,59.2177294,32.8633961
Iran,Bojnord,57.3319881,37.4759752
Iran,Bushehr,50.8458443,28.9310786
Iran,Dehloran,47.2674712,32.6914932
Iran,Esfahan,51.6650002,32.6707877
Iran,Gachsaran,50.7939174,30.35695
Iran,Genaveh,50.7140852,29.5403398
Iran,Ghazvin,47.0341,35.6069
Iran,Ghom,50.8801184,34.6422939
Iran,Hamadan,48.5152464,34.7992888
Iran,Hamedan,48.5152464,34.7992888
Iran,Hormozgan,52.5681961,29.5778053
Iran,Ilam,46.4202743,33.6379365
Iran,Kangan,52.06371,27.8370685
Iran,Karaj,50.9904681,35.8224892
Iran,Kerman,57.0645647,30.2924085
Iran,Kermanshah,47.0735891,34.3239414
Iran,Khoram Abad,58.8790071,36.1574185
Iran,Khoramabad,47.5037,35.7397
Iran,Lavasan,51.6321444,35.8204845
Iran,Malayer,48.8215749,34.2922623
Iran,Mashhad,59.6059232,36.2974945
Iran,Mehran,46.1667015,33.1236709
Iran,Mobarake,51.5046633,32.3424135
Iran,Nahavand,48.3716218,34.1896877
Iran,Najafabad,45.1017216,38.0824793
Iran,Nazarabad,50.6097443,35.9558897
Iran,Pakdasht,51.6824624,35.4784573
Iran,Pardis,51.815509,35.7411286
Iran,Qazvin,50.006663,36.2804074
Iran,Qom,50.8801184,34.6422939
Iran,Rasht,49.5846102,37.2793607
Iran,Sanandaj,46.9978639,35.3126047
Iran,Sari,53.0602761,36.5537458
Iran,Semnan,53.3882906,35.5834074
Iran,Shahre Kord,50.8497369,32.3257366
Iran,Shahryar,51.6601568,32.6941276
Iran,Shiraz,52.5378041,29.6060218
Iran,Tabriz,46.2978789,38.0738612
Iran,Tehran,51.3896004,35.6892523
Iran,Urmia,45.0667111,37.548341
Iran,Varamin,51.6460307,35.3283255
Iran,Yasuj,51.581916,30.6681785
Iran,Yazd,54.3701235,31.9052223
Iran,Zabol,61.4948211,31.0277779
Iran,Zanjan,48.4795399,36.6700041
Iraq,Babylon,44.4241563,32.5395939
Iraq,Baghdad,44.3872213,33.3061701
Iraq,Basra,47.8090981,30.4952371
Iraq,Kirkuk,44.3953896,35.4719308
Ireland,Balbriggan,-6.1861964,53.609832
Ireland,Bray,-6.1105049,53.2014604
Ireland,Carlow,-6.9261131,52.8408344
Ireland,Castlebar,-9.297967,53.8568418
Ireland,Cobh,-8.294279,51.8500947
Ireland,Cork,-8.4726423,51.8985136
Ireland,Dublin,-6.2605593,53.3493795
Ireland,Dublin City,-6.2605593,53.3493795
Ireland,Dun Laoghaire-Rathdown,-6.2048659,53.2567246
Ireland,Dundalk,-6.4008879,54.0046033
Ireland,Ennis,-8.983747,52.8435152
Ireland,Fingal,-6.2249802,53.4942212
Ireland,Galway City,-9.0490601,53.2744122
Ireland,Kilkenny,-7.2514438,52.6506255
Ireland,Laois,-7.2964071,53.0315909
Ireland,Limerick,-8.6301239,52.661252
Ireland,Longford,-7.7963816,53.7278
Ireland,Mayo,-7.0210242,54.0676167
Ireland,Monaghan,-6.9688855,54.2485576
Ireland,Roscommon,-8.19068,53.6312446
Ireland,South Dublin,-6.4070767,53.2732604
Ireland,Swords,-6.219175,53.4594799
Ireland,Waterford,-7.1119081,52.2609997
Ireland,Westmeath,-7.3478558,53.5577902
Ireland,Wexford,-6.4601397,52.3367671
Ireland,Wicklow,-6.0414184,52.9802376
Israel,Afula,35.2856816,32.6090718
Israel,Arad,35.1951218,31.2599717
Israel,Ashdod,34.6480418,31.8131529
Israel,Ashkelon,34.5740485,31.6687545
Israel,Bat Hadar,34.5960329,31.646519
Israel,Beer Sheva,34.7925181,31.2457442
Israel,Beersheva,34.7925181,31.2457442
Israel,Beit Shemesh,34.9886825,31.746214
Israel,Bnei Brak,34.8324376,32.0873899
Israel,Elat,34.9497949,29.5569348
Israel,Erez,34.5666313,31.5605003
Israel,Gedera,34.7803882,31.8117747
Israel,Givataim,34.8113279,32.0729606
Israel,Gvar'am,34.6115031,31.5909454
Israel,Hadera,34.9102351,32.440742
Israel,Haifa,34.9983856,32.8191218
Israel,Holon,34.7804076,32.0193121
Israel,Jerusalem,35.2257856,31.7788472
Israel,Karmei Yosef,34.9204701,31.8469647
Israel,Karmiel,35.3001463,32.912466
Israel,Kiryat Ata,35.1163747,32.8115853
Israel,Kiryat Bialik,35.0844915,32.8285812
Israel,Kiryat Malahi,34.7446145,31.7316015
Israel,Kiryat Tivon,35.126841,32.7161543
Israel,Modi'in,35.0069297,31.9085744
Israel,Nesher,35.0381249,32.7708797
Israel,Nir Galim,34.6819467,31.8244735
Israel,Nir Israel,34.6364148,31.6873424
Israel,Pardes Hana,34.975139,32.4749962
Israel,Petah Tikva,34.8839799,32.0906241
Israel,Ra'anana,34.8678359,32.1860244
Israel,Ramat Gan,34.8246812,32.0686867
Israel,Rehovot,34.8105616,31.8952532
Israel,Sderot,34.5969696,31.526474
Israel,Tel Aviv,34.7818064,32.0852997
Israel,Tel Aviv-Yafo,34.7818064,32.0852997
Israel,Umm Al-Fahm,35.152491,32.5158385
Israel,Yavne,34.7382974,31.8768863
Israel,Zemer,35.0325131,32.36221
Italy,Abbadia Cerreto,9.5942124,45.3119118
Italy,Acerra,14.3750083,40.9460532
Italy,Acquapendente,11.864988,42.7439961
Italy,Acri,16.3849498,39.493005
Italy,Agrigento,13.57465,37.3122991
Italy,Alatri,13.3423028,41.7265029
Italy,Alba,8.0357786,44.7007236
Italy,Albenga,8.2131239,44.0492503
Italy,Albisola Superiore,8.509353,44.339838
Italy,Alessandria,8.6154872,44.9130438
Italy,Alfonsine,12.0409852,44.5055011
Italy,Alghero,8.3153206,40.5587291
Italy,Allumiere,11.9038323,42.156218
Italy,Alpe Devero,8.259541,46.3145879
Italy,Altamura,16.566605,40.8543354
Italy,Amelia,12.4167756,42.5535279
Italy,Anagni,13.1526343,41.7447015
Italy,Ancona,13.5170982,43.6170137
Italy,Andria,16.2954806,41.2275731
Italy,Aosta,7.3196649,45.7370885
Italy,Aprilia,12.6485765,41.5942016
Italy,Arconate,8.8481616,45.5406637
Italy,Arese,9.0782851,45.5499106
Italy,Arezzo,11.8781675,43.4628957
Italy,Argenta,11.833842,44.6143379
Italy,Ariano Irpino,15.0885633,41.1526668
Italy,Arnesano,18.0916278,40.3351996
Italy,Ascoli Piceno,13.5755038,42.8546185
Italy,Asiago,11.5106998,45.8753771
Italy,Assemini,9.001542,39.291538
Italy,Asti,8.2068876,44.900542
Italy,Atessa,14.4489025,42.0718059
Italy,Augusta,15.2196575,37.236936300000004
Italy,Avellino,14.7888764,40.9141958
Italy,Aversa,14.204928,40.973212
Italy,Avio,10.937181,45.733793
Italy,Badia Polesine,11.4934621,45.0940564
Italy,Bagni Di Lucca,10.590633,44.0099818
Italy,Bari,16.8620293,41.1257843
Italy,Barletta,16.2868696,41.3214976
Italy,Bassano Del Grappa,11.7343469,45.7669109
Italy,Battipaglia,14.9821443,40.6092539
Italy,Bavastrelli,9.1775786,44.5588665
Italy,Belluno,12.2181711,46.1375185
Italy,Benevento,14.7824639,41.1295587
Italy,Bentivoglio,11.4171933,44.6357918
Italy,Bergamo,9.6698727,45.6944947
Italy,Bertonico,9.668062,45.23307
Italy,Besenzone,9.9535782,44.987157
Italy,Biella,8.0542758,45.5664109
Italy,Bologna,11.3426327,44.4938203
Italy,Bolzano,11.3547399,46.4984781
Italy,Borgaro Torinese,7.6579731,45.1521446
Italy,Borgo D'ale,8.053102,45.349435
Italy,Borgo Valsugana,11.4566004,46.0533463
Italy,Borgofranco Sul Po,11.2052709,45.0488123
Italy,Borgomanero,8.4623673,45.6989107
Italy,Borgosesia,8.2768572,45.7166676
Italy,Bormio,10.3721712,46.4692482
Italy,Bosco Chiesanuova,11.0295169,45.6221024
Italy,Bovolone,11.120366,45.2578098
Italy,Bragno,8.2994244,44.3756635
Italy,Brescia,10.2200214,45.5398022
Italy,Bressanone,11.657792,46.716413
Italy,Brindisi,17.9454957,40.6375408
Italy,Brixen,11.657792,46.716413
Italy,Brugnera,12.5463561,45.9016292
Italy,Brunico,11.9355121,46.7963194
Italy,Busalla,8.9433002,44.573483
Italy,Busto Arsizio,8.8518269,45.611932
Italy,Cagliari,9.113311,39.2171994
Italy,Cairo Montenotte,8.2745606,44.3992684
Italy,Calenzano,11.1673685,43.8652493
Italy,Calusco D'adda,9.472649,45.691379
Italy,Campi Bisenzio,11.1366776,43.8216342
Italy,Campi Salentina,18.0183191,40.3984955
Italy,Campobasso,14.6602725,41.5597935
Italy,Campomorone,8.8901102,44.507337
Italy,Cantalupo Ligure,9.044958,44.718152
Italy,Cantu,9.129103,45.7395347
Italy,Capannori,10.5735254,43.8420391
Italy,Carbonia,8.527834,39.165332
Italy,Carcare,8.2901625,44.3574727
Italy,Carmagnola,7.7192711,44.8455856
Italy,Carpi,10.8854523,44.7835699
Italy,Carrara,10.096726,44.0771026
Italy,Casale Monferrato,8.4498127,45.1362661
Italy,Casalgrande,10.7373209,44.5880091
Italy,Casamassima,16.920388,40.957131
Italy,Casarotti,11.2012291,45.7396179
Italy,Cascina,10.5492244,43.6766738
Italy,Caserta,14.334708,41.0820827
Italy,Casirate D'adda,9.5678078,45.4941243
Italy,Casoria,14.2901223,40.9045572
Italy,Cassano D'adda,9.5214907,45.5263333
Italy,Cassino,13.8305297,41.4925576
Italy,Castel Di Sangro,14.1080639,41.7842727
Italy,Castellarano,10.7286395,44.5102806
Italy,Castello Di Godego,11.8810438,45.6923801
Italy,Castelluccio,13.2076515,42.8287758
Italy,Castions Delle Mura,13.3021406,45.8441599
Italy,Catania,15.0873718,37.5023612
Italy,Catanzaro,16.5960465,38.9076353
Italy,Cava De Tirreni,14.7062633,40.7004616
Italy,Cavaso Del Tomba,11.9089805,45.8583996
Italy,Ceccano,13.333301,41.567717
Italy,Ceglie Messapica,17.5170566,40.6460444
Italy,Cengio,8.2079522,44.3902587
Italy,Cento,11.2903029,44.7274395
Italy,Cepagatti,14.0717952,42.3643016
Italy,Cerano,8.780039,45.410966
Italy,Ceresole Reale,7.232401,45.4324775
Italy,Cervia,12.3495462,44.2609836
Italy,Cesena,12.2422442,44.136352
Italy,Chiampo,11.2808956,45.5445732
Italy,Chiaravalle,13.3254004,43.6020552
Italy,Chiavari,9.3233382,44.3164494
Italy,Chiavenna,9.3984945,46.3197862
Italy,Chieri,7.8223544,45.0138842
Italy,Chieti,14.1659738,42.3446529
Italy,Chioggia,12.2785805,45.218894
Italy,Chitignano,11.881338,43.662352
Italy,Chiusi Della Verna,11.9386322,43.6950243
Italy,Ciampino,12.6004706,41.8002891
Italy,Ciconia,12.1349811,42.7309538
Italy,Cinisello Balsamo,9.2141955,45.5586454
Italy,Cinto Euganeo,11.6723755,45.2894673
Italy,Cisternino,17.425745,40.7429852
Italy,Citta Di Castello,12.2403118,43.4574214
Italy,Citta' Sant'angelo,14.059203,42.518144
Italy,Civita Castellana,12.40917,42.295226
Italy,Civitanova Marche,13.7229297,43.3055233
Italy,Civitavecchia,11.7922462,42.0937524
Italy,Claut,12.5157093,46.2666749
Italy,Codogno,9.70437,45.1600664
Italy,Cogoleto,8.6428599,44.3893419
Italy,Colbordolo,12.721054,43.820062
Italy,Colico,9.3738195,46.1363111
Italy,Colleferro,13.0041576,41.727033
Italy,Colorno,10.377117,44.9265322
Italy,Como,9.0830353,45.8115623
Italy,Concordia Sagittaria,12.8449558,45.7561044
Italy,Conegliano,12.2977566,45.8862172
Italy,Corigliano Calabro,16.5175366,39.595173
Italy,Cormano,9.1707872,45.5440234
Italy,Cornale,8.9130490000000009,45.042958
Italy,Corsico,9.1097175,45.4315847
Italy,Corte Brugnatella,9.3602888,44.7157673
Italy,Corte De Cortesi Con Cignone,10.0030954,45.2674442
Italy,Corte De'cortesi Con Cignone,10.0030954,45.2674442
Italy,Cortina Sulla Strada Del Vino,11.2226851,46.2687016
Italy,Cosenza,16.2501929,39.3099931
Italy,Cossato,8.1799881,45.5699123
Italy,Courmayeur,6.9730618,45.7874248
Italy,Cremona,10.0248716,45.1334796
Italy,Crotone,17.127196,39.0806223
Italy,Cuneo,7.5479007,44.389633
Italy,Dalmine,9.6019202,45.6472193
Italy,Darfo Boario Terme,10.1807068,45.8834863
Italy,Dernice,9.0507598,44.7668717
Italy,Doberdo Del Lago,13.5401419,45.8446301
Italy,Domodossola,8.2920459,46.1152451
Italy,Donnas,7.7696974,45.6037633
Italy,Druento,7.5764559,45.1344531
Italy,Egna,11.2725698,46.3169161
Italy,Empoli,10.9458556,43.7194884
Italy,Enna,14.2807473,37.5667573
Italy,Erba,9.2166985,45.8097196
Italy,Este,11.659796,45.2240069
Italy,Etroubles,7.230574,45.8205823
Italy,Fabriano,12.9046187,43.3358407
Italy,Faenza,11.8832055,44.2855555
Italy,Falcade,11.8721031,46.3581276
Italy,Falconara Marittima,13.3966763,43.6293969
Italy,Fanna,12.7530826,46.1871178
Italy,Fano,13.0146632,43.8424173
Italy,Febbio,10.4331885,44.3059694
Italy,Feltre,11.9062541,46.0163755
Italy,Ferentino,13.2534215,41.692932
Italy,Ferno,8.7545482,45.6141475
Italy,Ferrandina,16.454683,40.501218
Italy,Ferrara,11.6186451,44.8372737
Italy,Ferrera Erbognone,8.864347,45.115059
Italy,Fidenza,10.0611939,44.866522
Italy,Figline E Incisa Valdarno,11.4629459,43.6307949
Italy,Filago,9.556352,45.637578
Italy,Fiorano Modenese,10.8118482,44.539143
Italy,Firenze,11.2556404,43.7697955
Italy,Firmo,16.170186,39.721401
Italy,Fiumicino,12.2278855,41.7712145
Italy,Floridia,15.1522561,37.0820396
Italy,Foggia,15.5432595,41.4620482
Italy,Foligno,12.7034782,42.9559744
Italy,Fontechiari,13.6755758,41.6679656
Italy,Forli,12.041273,44.2227278
Italy,Francavilla Al Mare,14.2914819,42.4168011
Italy,Francavilla Fontana,17.5826774,40.5301622
Italy,Frosinone,13.3469287,41.6419807
Italy,Gaeta,13.56281,41.218312
Italy,Galatina,18.1678388,40.1742781
Italy,Gallarate,8.7932013,45.6598951
Italy,Gambara,10.2934106,45.2552458
Italy,Gargazzone,11.2027298,46.5847807
Italy,Garna,12.375999,46.1552588
Italy,Gela,14.2502445,37.0664363
Italy,Genga,12.934965,43.429655
Italy,Genova,8.9338624,44.40726
Italy,Gherardi,11.9545431,44.8389341
Italy,Giano Dell Umbria,12.5777111,42.8334672
Italy,Gonnesa,8.4717404,39.2666261
Italy,Gorizia,13.6252288,45.9441278
Italy,Grado,13.3979091,45.6781065
Italy,Greve In Chianti,11.3168731,43.5824597
Italy,Grosseto,11.1137389,42.7597261
Italy,Grottaglie,17.4342206,40.5361927
Italy,Grumento Nova,15.888773,40.28281
Italy,Guagnano,17.949018,40.401227
Italy,Guardiaregia,14.541729,41.435024
Italy,Guastalla,10.6539985,44.9211516
Italy,Gubbio,12.5772959,43.3517605
Italy,Guidonia,12.7263446,41.9972039
Italy,Guidonia Montecelio,12.6953191,41.9842734
Italy,Iglesias,8.5341109,39.3125402
Italy,Imola,11.7141233,44.3535145
Italy,Isernia,14.2383017,41.600175
Italy,Ivrea,7.874797,45.4673791
Italy,Jesi,13.2443764,43.5219801
Italy,Jolanda Di Savoia,11.9793488,44.8824077
Italy,L'aquila,13.3979672,42.3489203
Italy,La Spezia,9.8217022,44.1033871
Italy,La Thuile,6.9486119,45.7162875
Italy,Laces,10.8595388,46.6173435
Italy,Laives,11.3347713,46.422819
Italy,Lallio,9.630053,45.66638
Italy,Lamezia Terme,16.3021451,38.9645069
Italy,Langhirano,10.2661136,44.6130645
Italy,Latina,12.9037518,41.467299
Italy,Latina Scalo,12.9457894,41.5316095
Italy,Lavello,15.790762,41.045625
Italy,Lecce,18.1718482,40.3570373
Italy,Lecco,9.389605,45.8553764
Italy,Legnago,11.3111274,45.192498
Italy,Leini,7.7132706,45.1845815
Italy,Leonessa,12.9638499,42.56315
Italy,Levate,9.624154,45.625179
Italy,Lignano Sabbiadoro,13.1407655,45.690161
Italy,Livorno,10.3091256,43.5507317
Italy,Locri,16.2655092,38.2385368
Italy,Lodi,9.503263,45.3138959
Italy,Lonato,10.4845346,45.4610389
Italy,Loreto,13.6070214,43.439498
Italy,Lucca,10.502876,43.8428381
Italy,Lucera,15.3376465,41.5082727
Italy,Lugagnano Val D Arda,9.8284819,44.821994
Italy,Macerata,13.4535897,43.3007275
Italy,Macomer,8.7813868,40.2651904
Italy,Maddaloni,14.3792066,41.0398815
Italy,Magenta,8.8838429,45.4653931
Italy,Magione,12.2034965,43.1427366
Italy,Maglie,18.2988529,40.1184626
Italy,Malisana,13.2650881,45.8130825
Italy,Mammola,16.2031484,38.3780505
Italy,Manduria,17.633511,40.401825
Italy,Manfredonia,15.9095926,41.6254728
Italy,Mansue,12.5377124,45.8223904
Italy,Mantova,10.7917191,45.1566683
Italy,Maranello,10.8663607,44.5255217
Italy,Marmirolo,10.756393,45.2205633
Italy,Martellago,12.1576784,45.5466448
Italy,Martina Franca,17.3399908,40.7042378
Italy,Martirano Lombardo,16.2327589,39.0749491
Italy,Massa,10.1395519,44.0359323
Italy,Massafra,17.1169895,40.5888311
Italy,Matera,16.6063265,40.667029
Italy,Meda,9.1567532,45.6625046
Italy,Meldola,12.0611527,44.1267212
Italy,Melfi,15.6556545,40.9961268
Italy,Melilli,15.1266212,37.1782878
Italy,Merano,11.1594185,46.6695547
Italy,Merate,9.411648,45.698679
Italy,Mercato Saraceno,12.1959387,43.9567671
Italy,Mesagne,17.8085464,40.5597541
Italy,Messina,15.5542082,38.1937571
Italy,Mezzana Bigli,8.848447,45.059858
Italy,Mezzolombardo,11.0935086,46.2120936
Italy,Mignanego,8.9156574,44.54833
Italy,Milano,9.1896346,45.4641943
Italy,Milazzo,15.2415129,38.2208049
Italy,Mira,12.1939567,45.4112988
Italy,Mirandola,11.0661063,44.8872071
Italy,Misterbianco,15.0079363,37.5191722
Italy,Modena,10.9255707,44.6458885
Italy,Modugno,16.7805515,41.0825639
Italy,Moggio,9.4865286,45.9323784
Italy,Molfetta,16.5968279,41.1992456
Italy,Molinella,11.6702371,44.620853
Italy,Mondaino,12.6713923,43.8557055
Italy,Mondovi,7.8204718,44.3900282
Italy,Monfalcone,13.5330592,45.8049454
Italy,Monopoli,17.299948,40.9522369
Italy,Monselice,11.7508534,45.2417684
Italy,Monserrato,9.1432062,39.2539413
Italy,Montale,11.0158786,43.9352396
Italy,Montanaso Lombardo,9.468656,45.33577
Italy,Monte Romano,11.898647800000001,42.2678823
Italy,Monte Sant'angelo,15.967657,41.70544
Italy,Montebello Vicentino,11.3853657,45.4572159
Italy,Montecatini Terme,10.7709533,43.883179
Italy,Montecchio Maggiore,11.4084448,45.5050793
Italy,Montecerboli,10.8797918,43.2482228
Italy,Montelupo Fiorentino,11.0208768,43.7331531
Italy,Montemaggio,9.0021663,44.5510153
Italy,Montemarciano,13.3095299,43.6396433
Italy,Montemonaco,13.3268587,42.8991551
Italy,Montemurro,15.991275,40.296911
Italy,Montesilvano,14.1516203,42.5136032
Italy,Montopoli In Val D'arno,10.7608316,43.6702986
Italy,Monza,9.2735257,45.5834418
Italy,Monzambano,10.6924039,45.386139
Italy,Morbegno,9.5694656,46.1321629
Italy,Morgex,7.0354328,45.7580223
Italy,Morsano,12.9293364,45.8581407
Italy,Mortara,8.7377449,45.2518433
Italy,Motta Visconti,8.9924871,45.288179
Italy,Muggia,13.7710497,45.5986173
Italy,Naples,14.2487679,40.8358846
Italy,Napoli,14.2487679,40.8358846
Italy,Narni,12.5152257,42.5195891
Italy,Narni Scalo,12.5196282,42.5358011
Italy,Niscemi,14.3941802,37.1464505
Italy,Nocera Inferiore,14.6433202,40.7472133
Italy,Novara,8.619655,45.4464036
Italy,Nuoro,9.3297339,40.3210601
Italy,Nuraminis,9.01474,39.442941
Italy,Odolo,10.3884485,45.64685
Italy,Olbia,9.5027442,40.9232659
Italy,Oleggio,8.6370679,45.5972309
Italy,Omegna,8.408022,45.879774
Italy,Orbassano,7.5369192,45.0072629
Italy,Oristano,8.5916112,39.9059497
Italy,Orta Di Atella,14.268029,40.966512
Italy,Ortona,14.403913,42.349643
Italy,Osimo,13.4824068,43.4861359
Italy,Osio Sotto,9.589053,45.616078
Italy,Osoppo,13.0809181,46.2559997
Italy,Ostellato,11.943521,44.745678
Italy,Ostiglia,11.13641,45.0703901
Italy,Ottana,9.0445989,40.2334988
Italy,Ottati,15.3152335,40.4628565
Italy,Oulx,6.83251,45.0330519
Italy,Pace Del Mela,15.3053316,38.1796251
Italy,Padova,11.8734455,45.4077172
Italy,Palermo,13.3524434,38.1112268
Italy,Pallanza,8.5497586,45.9230169
Italy,Papariano,13.4163875,45.8068904
Italy,Parma,10.3279843,44.80153
Italy,Parona,8.7508446,45.2826019
Italy,Partinico,13.1198211,38.0438957
Italy,Pavia,9.1546375,45.1860043
Italy,Perledo,9.2963201,46.0128352
Italy,Pero,9.0894415,45.5101617
Italy,Perugia,12.3890104,43.1119613
Italy,Pesaro,12.9131228,43.9098114
Italy,Pescara,14.2059269,42.469613
Italy,Piacenza,9.6947461,45.0534751
Italy,Piano Di Rocchetta,12.9518128,43.4681695
Italy,Pieve D'alpago,12.3518414,46.1673674
Italy,Pieve Vergonte,8.2664651,46.0061717
Italy,Pignataro Maggiore,14.172324,41.190816
Italy,Pioltello,9.3263354,45.5010216
Italy,Piombino,10.5268192,42.9231662
Italy,Pisa,10.4018624,43.7159395
Italy,Pisticci Scalo,16.5449608,40.4249848
Italy,Pistoia,10.9174238,43.9336213
Italy,Poggibonsi,11.148762,43.4677215
Italy,Polistena,16.0774549,38.4065094
Italy,Polla,15.497962,40.517112
Italy,Pomarance,10.8724009,43.2992367
Italy,Pomigliano D'arco,14.386233,40.907912
Italy,Pontedera,10.6354851,43.6634536
Italy,Ponti Sul Mincio,10.6872208,45.4125151
Italy,Porcari,10.6164074,43.8401177
Italy,Porcia,12.6017809,45.946555
Italy,Pordenone,12.6597197,45.9562503
Italy,Porretta Terme,10.9723006,44.1591596
Italy,Portici,14.3387454,40.8189733
Italy,Porto Empedocle,13.52755,37.2883127
Italy,Porto Mantovano,10.7552207,45.1925255
Italy,Porto Tolle,12.4021857,44.9177128
Italy,Porto Torres,8.4013292,40.8370333
Italy,Portoscuso,8.380931,39.207031
Italy,Portovenere,9.8344585,44.0506605
Italy,Potenza,15.8022077,40.6384046
Italy,Pozzuoli,14.1219109,40.822643
Italy,Prata Di Pordenone,12.5852578,45.8727175
Italy,Prato,11.0969262,43.880598
Italy,Prese-Montone,7.250981,45.4317001
Italy,Priolo Gargallo,15.1860285,37.1579298
Italy,Quartu Sant'elena,9.1880967,39.2399728
Italy,Quattromiglia,16.2421623,39.3540882
Italy,Quiliano,8.412652,44.292536
Italy,Ragusa,14.7307456,36.9256833
Italy,Rapallo,9.229671,44.3511473
Italy,Ravenna,12.2017617,44.4161414
Italy,Reggio Calabria,15.6397556,38.1035389
Italy,Reggio Di Calabria,15.6397556,38.1035389
Italy,Reggio Emilia,10.6304971,44.6978389
Italy,Reggio Nell Emilia,10.6304971,44.6978389
Italy,Renon,11.441435,46.5629355
Italy,Revello,7.3899141,44.6549482
Italy,Rezzato,10.3168627,45.5142403
Italy,Rho,9.04156,45.528878
Italy,Rieti,12.860813,42.4026569
Italy,Rimini,12.5684371,44.0593886
Italy,Rione Riesci,18.0957203,40.3442151
Italy,Ripatransone,13.7617959,42.9961784
Italy,Riva Del Garda,10.8396942,45.8847708
Italy,Rivolta D'adda,9.512551,45.4706593
Italy,Rocca Di Neto,17.009617,39.1854706
Italy,Roma,12.4829321,41.8933203
Italy,Ronchi Dei Legionari,13.5018454,45.8278081
Italy,Rosignano Marittimo,10.4733663,43.406786
Italy,Rovereto,11.0452369,45.886548
Italy,Rovigo,11.78882,45.0698166
Italy,Sacile,12.5034415,45.9548046
Italy,Salerno,14.7594542,40.6803601
Italy,Saliceto,8.168644,44.413336
Italy,San Benedetto Del Tronto,13.8807144,42.9525328
Italy,San Bonifacio,11.2700817,45.3956425
Italy,San Clemente,12.6256931,43.9322054
Italy,San Dona Di Piave,12.5641057,45.6294811
Italy,San Felice A Cancello,14.4829931,41.0123935
Italy,San Filippo Del Mela,15.2725271,38.169727
Italy,San Gavino Monreale,8.791934,39.550941
Italy,San Giorgio Di Nogaro,13.2111453,45.8320236
Italy,San Giovanni Al Natisone,13.4085694,45.9656796
Italy,San Giuliano Milanese,9.2842979,45.3949933
Italy,San Giuliano Terme,10.4410399,43.762995600000004
Italy,San Lazzaro,11.4048591,44.4715668
Italy,San Martino In Trignano,12.6677331,42.7417392
Italy,San Martino Spino,11.2346804,44.9357147
Italy,San Pancrazio Salentino,17.8393854,40.4191334
Italy,San Pietro Vernotico,17.998918,40.491529
Italy,San Remo,7.7748827,43.8198253
Italy,San Rocco,9.5506079,45.3543297
Italy,San Rocco Al Porto,9.697165,45.081966
Italy,San Severo,15.3776211,41.6897761
Italy,San Vitaliano,14.480134,40.927213
Italy,Sannazzaro De Burgondi,8.906348,45.102259
Italy,Sanremo,7.7748827,43.8198253
Italy,Sant'antioco,8.4562962,39.0648291
Italy,Sant'eufemia A Maiella,14.026508,42.126135
Italy,Santa Croce Sull Arno,10.7819415,43.7101077
Italy,Santa Giusta,8.6099732,39.8781783
Italy,Santa Giustina In Colle,11.906406,45.563698
Italy,Santo Stefano Di Magra,9.9173304,44.1650993
Italy,Sarezzo,10.1958762,45.6618702
Italy,Saronno,9.0373283,45.6256764
Italy,Sarroch,9.0108295,39.0655592
Italy,Sarzana,9.9599823,44.1131762
Italy,Sassari,8.5612674,40.7234746
Italy,Sassuolo,10.7829023,44.5409769
Italy,Savignano Sul Rubicone,12.3991309,44.0925118
Italy,Savona,8.4810315,44.3080251
Italy,Scandicci,11.1847619,43.7567104
Italy,Schio,11.3553593,45.7113511
Italy,Schivenoglia,11.0729809,44.9950936
Italy,Seriate,9.7179982,45.6843709
Italy,Sermide,11.2988715,45.0064835
Italy,Sesto San Giovanni,9.2376549,45.5357218
Italy,Settignano,11.3208169,43.7829916
Italy,Settimo Torinese,7.7712531,45.1372206
Italy,Seulo,9.2357358,39.8704122
Italy,Siena,11.3316533,43.3185536
Italy,Signa,11.0964527,43.7806931
Italy,Simeri Crichi,16.641105,38.954989
Italy,Siniscola,9.693975,40.5731874
Italy,Siracusa,15.2907196,37.0646139
Italy,Solofra,14.8456516,40.8291308
Italy,Somma Lombardo,8.7070874,45.6836207
Italy,Sondrio,9.8734274,46.1713553
Italy,Soresina,9.8570508,45.2871222
Italy,Sparanise,14.093722,41.186815
Italy,Spinadesco,9.9296724,45.1487508
Italy,Spinea,12.165018,45.4911604
Italy,Spoleto,12.7382035,42.7342971
Italy,Spoltore,14.1406198,42.4552037
Italy,Statte,17.209799,40.563225
Italy,Stazione,13.1494072,43.5014117
Italy,Stazione Di Padule,12.6193857,43.3152334
Italy,Surbo,18.133422,40.396028
Italy,Susa,7.0539789,45.1372115
Italy,Taranto,17.2432278,40.4712427
Italy,Tarvisio,13.5783734,46.5052624
Italy,Tavazzano,9.406354,45.32727
Italy,Tavernola Bergamasca,10.046262,45.709385
Italy,Teramo,13.6983524,42.6612893
Italy,Termini Imerese,13.695554,37.983651
Italy,Termoli,14.9939366,41.9983273
Italy,Terni,12.6405466,42.5641417
Italy,Teverola,14.2073729,40.9955725
Italy,Thiene,11.4797197,45.7059893
Italy,Tolmezzo,13.0158357,46.4053676
Italy,Torchiarolo,18.051619,40.484029
Italy,Torino,7.6824892,45.0677551
Italy,Torre Annunziata,14.4550044,40.7525236
Italy,Torrechiara,10.2781141,44.656766
Italy,Torviscosa,13.276933,45.822216
Italy,Trapani,12.5160225,38.0173961
Italy,Trento,11.1257601,46.0664228
Italy,Trepuzzi,18.0706204,40.4054719
Italy,Treviglio,9.5931485,45.5217245
Italy,Treviso,12.2455414,45.6658505
Italy,Trezzo Sull'adda,9.5198437,45.6087178
Italy,Trieste,13.7772781,45.6496485
Italy,Trivero,8.1069391,45.6044799
Italy,Turano Lodigiano,9.621461,45.24887
Italy,Turbigo,8.7366656,45.5291504
Italy,Udine,13.2358377,46.0634632
Italy,Ugovizza,13.4732482,46.512087
Italy,Urbino,12.6363135,43.7262608
Italy,Vado Ligure,8.4382205,44.2714401
Italy,Valdagno,11.3040596,45.6413213
Italy,Valmadrera,9.358244,45.846282
Italy,Valnogaredo,11.6603292,45.2999563
Italy,Varese,8.8263532,45.817549
Italy,Vastogirardi,14.260418,41.774129
Italy,Velturno,11.5984388,46.6686743
Italy,Venafro,14.045112,41.483425
Italy,Venezia,12.3345898,45.4371908
Italy,Verbania,8.5580062,45.9344082
Italy,Vercelli,8.4227666,45.3251557
Italy,Verona,10.9924122,45.4384958
Italy,Verucchio,12.4211632,43.983611
Italy,Vezzano,10.9994069,46.0787914
Italy,Viadana,10.520223,44.9267857
Italy,Viareggio,10.2506055,43.8672392
Italy,Vibo Valentia,16.0985276,38.6748544
Italy,Vicenza,11.5478825,45.5488306
Italy,Vigevano,8.858603,45.3170942
Italy,Viggiano,15.9018352,40.340114
Italy,Vignola,11.0090928,44.4784141
Italy,Villa Baldassarri,17.9649621,40.4154674
Italy,Villa Minozzo,10.465995,44.365056
Italy,Villafranca Di Verona,10.8459956,45.3509277
Italy,Villasor,8.942839,39.380439
Italy,Vimercate,9.37006,45.6139627
Italy,Vinchio,8.3173855,44.8073181
Italy,Vinovo,7.6338469,44.9482927
Italy,Vipiteno,11.4319398,46.8963235
Italy,Viterbo,12.1051148,42.4168441
Italy,Vittorio Veneto,12.2957596,45.9897826
Italy,Voghera,9.0086667,44.9926704
Italy,Volla,14.342932,40.878411
Italy,Zappellone,9.714939,45.0819075
Italy,Zona Industriale,11.7173886,44.3665651
Italy,Zona Industriale San Nicola,15.7108347,41.0699823
Jamaica,Clarendon,-77.3713203,17.9915566
Jamaica,Ewarton,-77.0843612,18.1781493
Jamaica,Kingston,-76.7928128,17.9712148
Jamaica,Liguanea,-76.7679595,18.0193729
Jamaica,Portmore,-76.8738048,17.9717917
Japan,Aoba-Ku,140.8705271,38.2691248
Japan,Chiba,140.1062653,35.6070629
Japan,Chikusa-Ku,136.9463779,35.1664588
Japan,Chiyoda,139.7532163,35.6938097
Japan,Chuo-Ku,135.510316,34.679846
Japan,Fukuoka,130.4017509,33.5898988
Japan,Hamamatsu,137.7259431,34.7109786
Japan,Higashinada-Ku,135.2656177,34.7202423
Japan,Hiroshima,132.4517589,34.3917241
Japan,Kawasaki,139.7037668,35.5306639
Japan,Kita-Ku,135.50565,34.712209
Japan,Kitakyushu,130.8749015,33.8829996
Japan,Kobe,135.1943764,34.6932379
Japan,Minami-Ku,136.9266427,35.0887632
Japan,Moji-Ku,130.9597976,33.9411645
Japan,Nagoya,136.8998438,35.1851045
Japan,Nagoya City,137.0110693,35.0983121
Japan,Naka-Ku,136.9008748,35.1693921
Japan,Niigata,139.0365062,37.9163757
Japan,Okayama,133.9194595,34.6553944
Japan,Osaka,135.5014539,34.6937569
Japan,Osaka City,135.5014539,34.6937569
Japan,Sagamihara,139.3731052,35.5714621
Japan,Saitama,139.6457957,35.8616402
Japan,Sakai-Ku,135.469676,34.5811701
Japan,Sapporo,141.3542924,43.061936
Japan,Sendai,140.8691498,38.2677554
Japan,Sendai City,140.9845448,38.2286655
Japan,Tokyo,139.7638947,35.6768601
Japan,Urawa-Ku,139.6455051,35.8620263
Jordan,Al Karak,35.7047218,31.1847222
Jordan,Al Zarqa,36.0885771,32.0668425
Jordan,Amman,35.9239625,31.9515694
Jordan,Aqaba,35.0075433,29.5266483
Jordan,Irbid,35.8493023,32.5556091
Jordan,Zarqa,36.0885771,32.0668425
Kazakhstan,Astana,71.4306682,51.1282205
Kenya,Mombasa,39.667169,-4.05052
Kenya,Nairobi,36.8172812,-1.2890006
Kuwait,Al Ahmadi,48.0610236,29.0890687
Kuwait,Al Mutla,47.5798839,29.4626054
Kuwait,Al Shuwaikh,47.9299827,29.3481228
Kuwait,Al-Jahra,47.6722054,29.3474636
Kuwait,Ali Subah Al Salem,48.1507963,28.9555874
Kuwait,Kuwait City,47.9734174,29.3796532
Kuwait,Saad Al-Abdullah,47.720734,29.3099502
Kuwait,Shuaiba,48.1242215,29.053786
Kyrgyzstan,Bishkek,74.6036724,42.8761424
Laos,Vientiane,102.6133707,17.9640988
Latvia,Liepaja,21.0070903,56.5048435
Latvia,Rezekne,27.3306623,56.506281
Latvia,Riga,24.1051846,56.9493977
Latvia,Rucava,21.161724,56.1593881
Latvia,Rucavas Pagasts,21.1814496,56.1662654
Latvia,Ventspils,21.5635991,57.3903918
Lebanon,Beirut,35.47843,33.8959203
Lebanon,Saida,35.3780338,33.5618345
Lebanon,Tripoli,35.8348551,34.4373616
Lebanon,Zahle,35.9024955,33.8477069
Liberia,Buchanan,-10.0494002,5.88129
Liberia,Sanniquellie,-8.71385,7.36127
Liechtenstein,Vaduz,9.5227962,47.1392862
Lithuania,Jonava,24.2756961,55.0737086
Lithuania,Kaunas,23.9044817,54.8982139
Lithuania,Kedainiai,23.9758359,55.2887322
Lithuania,Klaipeda,21.1350469,55.7127529
Lithuania,Mazeikiai,22.3484725,56.3110483
Lithuania,Naujoji Akmene,22.8797889,56.3253508
Lithuania,Noreikiskes,23.8445048,54.8890594
Lithuania,Panevezys,24.3578055,55.7344985
Lithuania,Preila,21.0625536,55.3709348
Lithuania,Siauliai,23.3157775,55.9340823
Lithuania,Vilnius,25.2829111,54.6870458
Luxembourg,Beckerich,5.8830092,49.7307067
Luxembourg,Bourglinster,6.2175255,49.7031723
Luxembourg,Esch-Sur-Alzette,5.9850306,49.4959628
Luxembourg,Helmsange,6.1370064,49.6626463
Luxembourg,Käerjeng,5.9011153,49.5877163
Luxembourg,Luxembourg,6.129799,49.6112768
Luxembourg,Remich,6.3676062,49.5442267
Luxembourg,Schifflange,6.0118175,49.5062732
Luxembourg,Uewerpallen,5.8408299,49.7311188
Luxembourg,Vianden,6.2066715,49.9336976
Madagascar,Antananarivo,47.5255809,-18.9100122
Malaysia,Alor Setar,100.3683962,6.1231908
Malaysia,Bayan Lepas,100.2595968,5.2948137
Malaysia,Bintulu,113.0472803,3.1874261
Malaysia,Gombak,101.7145742,3.2330444
Malaysia,Ipoh,101.0900236,4.5986817
Malaysia,Johor,103.7649059,1.4581986
Malaysia,Johor Bahru,103.7649059,1.4581986
Malaysia,Kajang,101.7896595,2.9948437
Malaysia,Kangar,100.1944838,6.4389312
Malaysia,Kedah,100.2934899,6.1072177
Malaysia,Kelantan,103.8875341,1.7290649
Malaysia,Keningau,116.1523241,5.3316751
Malaysia,Klang,101.4447363,3.0448394
Malaysia,Kota Kinabalu,116.0728988,5.9780066
Malaysia,Kuala Lumpur,101.6942371,3.1516964
Malaysia,Kuala Selangor,101.2513058,3.3314558
Malaysia,Kuala Terengganu,103.1383265,5.3296461
Malaysia,Kuantan,103.32199,3.7985637
Malaysia,Kuching,110.345397,1.5597561
Malaysia,Labuan,115.2433556,5.2769876
Malaysia,Limbang,115.0093036,4.7534355
Malaysia,Melaka,102.2486651,2.1942647
Malaysia,Miri,113.9880199,4.3940102
Malaysia,Muar,102.5658852,2.0425046
Malaysia,Negeri Sembilan,101.6952793,3.1820819
Malaysia,Pahang,103.4621214,3.530994
Malaysia,Perai,100.3821843,5.3870844
Malaysia,Perak,100.69166,5.2180903
Malaysia,Perlis,100.1345543,6.4032926
Malaysia,Petaling Jaya,101.6454202,3.0988792
Malaysia,Port Dickson,101.8106156,2.5262491
Malaysia,Putrajaya,101.6840801,2.9179726
Malaysia,Sabah,101.726968,3.1166704
Malaysia,Sandakan,118.1158598,5.8391274
Malaysia,Sarawak,114.9998913,4.7829878
Malaysia,Sarikei,111.5230586,2.1294846
Malaysia,Selangor,101.2513058,3.3314558
Malaysia,Senai,103.6446799,1.6012009
Malaysia,Seremban,101.9400601,2.723099
Malaysia,Shah Alam,101.5185278,3.0739429
Malaysia,Sibu,111.8256158,2.2906434
Malaysia,Sri Aman,111.462148,1.2376156
Malaysia,Sungai Petani,100.4869513,5.6435195
Malaysia,Tanah Rata,101.3776891,4.4706932
Malaysia,Tawau,117.885331,4.2435206
Malaysia,Terengganu,103.1383265,5.3296461
Maldives,Male,73.5107387,4.1779879
Malta,Attard,14.4430093,35.8909172
Malta,Gharb,14.209081,36.0598182
Malta,H'attard,14.4430093,35.8909172
Malta,Iz Zejtun,14.5315311,35.8537008
Malta,L-Imsida,14.4891829,35.8956943
Malta,Msida,14.4891829,35.8956943
Malta,Paola,14.5073748,35.8717994
Malta,Rahal Gdid,14.5073748,35.8717994
Malta,Zejtun,14.5315311,35.8537008
Mauritius,Beau Bassin,57.4674386,-20.2262814
Mauritius,Bramsthan,57.7366354,-20.212125
Mauritius,Midlands,57.5693343,-20.3399426
Mauritius,Port Louis,57.5028044,-20.1624522
Mauritius,Vacoas-Phoenix,57.4978036,-20.2933761
Mexico,Abasolo,-98.3746935,24.0585822
Mexico,Acolman,-98.9109537,19.6389474
Mexico,Agua Prieta,-109.5564331,31.3305591
Mexico,Aguascalientes,-102.2967195,21.880487
Mexico,Alvaro Obregon,-99.1952423,19.3906515
Mexico,Atitalaquia,-99.2190898,20.0514958
Mexico,Atizapan De Zaragoza,-99.2353667,19.544332
Mexico,Atotonilco,-105.4837312,22.3876586
Mexico,Azcapotzalco,-99.1843937,19.4838908
Mexico,Benito Juarez,-86.9265622,21.0742627
Mexico,Celaya,-100.8140458,20.521788
Mexico,Chalco,-98.8958362,19.2612215
Mexico,Chihuahua,-106.076745,28.6368669
Mexico,Coacalco De Berriozabal,-99.0948573,19.6359452
Mexico,Coyoacan,-99.1619751,19.3498606
Mexico,Cuajimalpa De Morelos,-99.2996246,19.3572429
Mexico,Cuauhtemoc,-99.1517322,19.4414715
Mexico,Cuernavaca,-99.2342282,18.9218274
Mexico,Durango,-104.654741,24.022008
Mexico,Ecatepec De Morelos,-99.0487281,19.5994083
Mexico,Guadalajara,-103.338396,20.6720375
Mexico,Gustavo A Madero,-99.1133606,19.4827949
Mexico,Irapuato,-101.3521052,20.6758761
Mexico,Iztacalco,-99.097453,19.3957447
Mexico,Iztapalapa,-99.0925404,19.3588629
Mexico,La Laguna,-97.4450587,20.443863
Mexico,La Magdalena Contreras,-99.2413803,19.3047731
Mexico,Leon,-101.6829766,21.121965
Mexico,Merida,-89.6237402,20.9670759
Mexico,Mexicali,-115.474899,32.6405247
Mexico,Mexico City,-99.1331785,19.4326296
Mexico,Miguel Hidalgo,-99.1906167,19.4071156
Mexico,Milpa Alta,-99.0233759,19.1916095
Mexico,Monclova,-101.4171173,26.8999988
Mexico,Monterrey,-100.315258,25.6802019
Mexico,Morelia,-101.1923818,19.7027116
Mexico,Naucalpan De Juarez,-99.2327986,19.4788356
Mexico,Nezahualcoyotl,-99.0181547,19.4079028
Mexico,Oaxaca De Juarez,-96.7253575,17.0604663
Mexico,Ocoyoacac,-99.4599304,19.2724849
Mexico,Pachuca,-98.7413535,20.1165413
Mexico,Poza Rica,-97.4536355,20.5320852
Mexico,Puebla,-98.1981486,19.0437196
Mexico,Queretaro,-100.3917424,20.5922997
Mexico,Residencias,-103.2182923,20.6828188
Mexico,Salamanca,-101.192444,20.571358
Mexico,Saltillo,-100.9927509,25.4230425
Mexico,San Juan Del Rio,-99.9931982,20.3867547
Mexico,San Luis De La Paz,-100.516269,21.2970466
Mexico,San Luis Potosi,-100.9763993,22.1516472
Mexico,San Miguel De Allende,-100.743784,20.9142238
Mexico,Santiago De Queretaro,-100.3917424,20.5922997
Mexico,Silao,-101.427043,20.943727
Mexico,Tecate,-116.6298787,32.5653831
Mexico,Tepic,-104.8915889,21.5119156
Mexico,Tepotzotlan,-99.2230683,19.7173392
Mexico,Tijuana,-117.019529,32.5317397
Mexico,Tlalpan,-99.1669733,19.2880603
Mexico,Toluca,-99.6569007,19.292545
Mexico,Torreon,-103.410512,25.542698
Mexico,Tula De Allende,-99.3450677,20.051702
Mexico,Tulancingo,-98.3635381,20.0839585
Mexico,Tultitlan,-101.7094874,20.7621493
Mexico,Venustiano Carranza,-99.1135482,19.4191658
Mexico,Villahermosa,-92.9366326,17.9884657
Mexico,Xalapa,-96.9146374,19.5408338
Mexico,Xochimilco,-99.1047377,19.2633607
Monaco,Monaco,7.4197576,43.7311424
Mongolia,Bayankhongor,100.7142654,46.1936649
Mongolia,Darkhan,105.9361613,49.4922428
Mongolia,Erdenet,104.0443867,49.0276045
Mongolia,Khovd,91.6452415,48.0006353
Mongolia,Murun,100.1745571,49.6284811
Mongolia,Sukhbaatar,106.2094944,50.2358909
Mongolia,Tsetserleg,101.4532887,47.476602
Mongolia,Ulaanbaatar,106.9177016,47.9184676
Montenegro,Bar,19.0954528,42.0979745
Montenegro,Niksic,18.9488097,42.7739388
Montenegro,Pljevlja,19.3584715,43.3565611
Montenegro,Podgorica,19.2621081,42.4415238
Montenegro,Tivat,18.6988104,42.4303762
Morocco,Benslimane,-7.1440174,33.6123896
Morocco,Casablanca,-7.6200284,33.5945144
Morocco,El Jadida,-8.49884,33.2433309
Morocco,Fes,-5.0161926,34.0346534
Morocco,Kenitra,-6.570169,34.26457
Morocco,Khouribga,-6.908798,32.8856482
Morocco,Marrakech,-7.9891608,31.6258257
Morocco,Meknes,-5.5321582,33.8984131
Morocco,Mohamedia,-7.3893292,33.6958383
Morocco,Rabat,-6.8408929,34.0218454
Morocco,Safi,-9.239533,32.299424
Morocco,Sale,-6.814017,34.044889
Morocco,Settat,-7.619867,33.002397
Morocco,Tanger,-5.8033522,35.7696302
Myanmar (Burma),Kathar,96.3430992,24.1716852
Myanmar (Burma),Kyauk Pa Taung,94.7621825,20.375767
Myanmar (Burma),Kyaukphyu,93.5479844,19.4266675
Myanmar (Burma),Mandalay,96.0948743,21.9596834
Myanmar (Burma),Mawlamyaing,97.6284825,16.4908026
Myanmar (Burma),Namkham,97.6830998,23.8350995
Myanmar (Burma),Nay Pyi Taw,96.1032552,19.7753289
Myanmar (Burma),Nyaung Oo,94.9071683,21.1999599
Myanmar (Burma),Pyin Oo Lwin,96.4667341,22.0331367
Myanmar (Burma),Rangoon,96.1609916,16.7967129
Myanmar (Burma),Sintgaing,96.1394493,21.7498266
Myanmar (Burma),Taungoo,96.2075703,19.0095448
Myanmar (Burma),Thaungtha,95.4166661,21.2057338
Myanmar (Burma),Yangon,96.1609916,16.7967129
Myanmar (Burma),Yenanchaung,94.9097165,20.5165864
Nepal,Bhaisipati,85.4923181,27.6341547
Nepal,Bhaktapur,85.452118,27.704332
Nepal,Dhulikhel,85.5634955,27.6176558
Nepal,Kathmandu,85.3205817,27.708317
Nepal,Pokhara,83.991402,28.209538
Nepal,Pulchowk,85.3157065,27.6760817
Nepal,Ratnapark,86.7892563,27.2223345
Netherlands,Amsterdam,4.8924534,52.3730796
Netherlands,Badhoevedorp,4.7844704,52.3388803
Netherlands,Beverwijk,4.6728396,52.4787896
Netherlands,Biddinghuizen,5.6921598,52.4552216
Netherlands,Biest-Houtakker,5.1579564,51.5077884
Netherlands,Bilthoven,5.2046134,52.1289693
Netherlands,Breda,4.7760237,51.5887845
Netherlands,Budel,5.5744905,51.2744706
Netherlands,De Rips,5.8106171,51.5507901
Netherlands,Den Haag,4.3113461,52.0799838
Netherlands,Dordrecht,4.6692438,51.814429
Netherlands,Eibergen,6.6511683,52.1032685
Netherlands,Eindhoven,5.478633,51.4392648
Netherlands,Enschede,6.8940537,52.2209855
Netherlands,Fijnaart,4.4673134,51.6352829
Netherlands,Gravenhage,4.2696802,52.0749456
Netherlands,Groningen,6.5680077,53.2190652
Netherlands,Haarle,6.3805672,52.3591748
Netherlands,Halfweg,4.7546903,52.3826063
Netherlands,Harich,5.5642127,52.902242
Netherlands,Heerlen,5.9815066,50.8775239
Netherlands,Hilversum,5.1734935,52.231587
Netherlands,Hoek Van Holland,4.1314526,51.9771615
Netherlands,Hoofddorp,4.6926644,52.305554
Netherlands,Hoogvliet Rotterdam,4.3641111,51.8652855
Netherlands,Huijbergen,4.3768613,51.4330325
Netherlands,Ijmuiden,4.6111981,52.4574236
Netherlands,Laren,5.2251925,52.2565894
Netherlands,Leiden,4.4908843,52.1594747
Netherlands,Lopik,4.9415393,51.9818527
Netherlands,Maassluis,4.2541194,51.9219917
Netherlands,Moerdijk,4.5255922,51.6627723
Netherlands,Munnekezijl,6.2717691,53.3036082
Netherlands,Nieuwdorp,3.7397709,51.4709009
Netherlands,Nieuwer Ter Aa,4.9796143,52.1909236
Netherlands,Nijmegen,5.8637771,51.8474946
Netherlands,Noordwijk,4.4461969,52.2410856
Netherlands,Pernis,4.3877215,51.8890881
Netherlands,Philippine,3.7580032,51.2812037
Netherlands,Posterholt,6.0394009,51.1184343
Netherlands,Ridderkerk,4.5999778,51.8714812
Netherlands,Rotterdam,4.47775,51.9244424
Netherlands,Schiedam,4.4019149,51.91718
Netherlands,Schiphol-Rijk,4.7525241,52.2784339
Netherlands,Sint Jansklooster,6.0056582,52.6787864
Netherlands,Sint Maartensbrug,4.7280994,52.7802902
Netherlands,Utrecht,5.1215634,52.0907006
Netherlands,Valthermond,6.9751675,52.8869891
Netherlands,Veldhoven,5.4045572,51.4190691
Netherlands,Velsen,4.6038911,52.4519103
Netherlands,Velsen-Noord,4.6379311,52.4738528
Netherlands,Vlaardingen,4.3402639,51.9097536
Netherlands,Vredepeel,5.8694941,51.5409734
Netherlands,Wekerom,5.7157689,52.1118306
Netherlands,Westmaas,4.4737754,51.7877888
Netherlands,Westzaan,4.771537,52.4644351
Netherlands,Wieringerwerf,5.0227556,52.8515964
Netherlands,Wijk Aan Zee,4.593759,52.4939272
Netherlands,Wijnandsrade,5.8838104,50.9055119
Netherlands,Zaandam,4.8298607,52.4424926
Netherlands,Zaanstad,4.7737835,52.4689235
Netherlands,Zegveld,4.8359618,52.1164586
Netherlands,Zierikzee,3.9208365,51.6497688
New Zealand,Alexandra,169.3921819,-45.2550839
New Zealand,Ashburton,171.7503327,-43.9024396
New Zealand,Auckland,174.7631803,-36.852095
New Zealand,Blenheim,173.9545856,-41.5118691
New Zealand,Dunedin,170.5035755,-45.8740984
New Zealand,Geraldine,171.2425898,-44.0921039
New Zealand,Gore,168.9447811,-46.0984482
New Zealand,Hamilton,175.281788,-37.7878809
New Zealand,Hamilton City,175.281788,-37.7878809
New Zealand,Hastings,176.8430781,-39.6417678
New Zealand,Invercargill City,168.3470632,-46.4118465
New Zealand,Kaiapoi,172.6521689,-43.3831623
New Zealand,Lower Hutt,174.9057626,-41.2125751
New Zealand,Masterton,175.6594413,-40.9495524
New Zealand,Masterton District,175.6594413,-40.9495524
New Zealand,Matamata,175.7732759,-37.8095635
New Zealand,Napier,176.917839,-39.4902099
New Zealand,Nelson,173.2836756,-41.2710849
New Zealand,Ngaruawahia,175.1500534,-37.6662658
New Zealand,Porirua,174.8397824,-41.1354217
New Zealand,Putaruru,175.7789554,-38.0511675
New Zealand,Rangiora,172.5961483,-43.303171
New Zealand,Richmond,173.1872264,-41.3380953
New Zealand,Rotorua,176.252922,-38.1381493
New Zealand,Taihape,175.7983062,-39.6766915
New Zealand,Taumarunui,175.2662649,-38.8813562
New Zealand,Taupo,176.0694773,-38.6866197
New Zealand,Tauranga,176.167505,-37.6859006
New Zealand,Te Anau,167.717489,-45.41449
New Zealand,Te Kuiti,175.1657117,-38.3341925
New Zealand,Timaru,171.2509786,-44.3930254
New Zealand,Tokoroa,175.8705389,-38.2168677
New Zealand,Turangi,175.8089539,-38.9887347
New Zealand,Upper Hutt,175.0699589,-41.1240674
New Zealand,Waimate,171.042339,-44.7338811
New Zealand,Wainuiomata,174.9480696,-41.2618075
New Zealand,Washdyke,171.239831,-44.3574414
New Zealand,Wellington,174.7772114,-41.2887953
New Zealand,Whangarei,174.3194202,-35.7275268
Nigeria,Lagos,3.3941795,6.4550575
North Macedonia,Bitola,21.3302511,41.0316005
North Macedonia,Ilinden,21.5775059,41.993768
North Macedonia,Kavadarci,22.0122593,41.4332802
North Macedonia,Kavadartsi,22.0122593,41.4332802
North Macedonia,Kicevo,20.9585155,41.5089037
North Macedonia,Kochani,22.4114182,41.9211332
North Macedonia,Kumanovo,21.7185474,42.135913
North Macedonia,Lazaropole,20.6958167,41.536064
North Macedonia,Skopje,21.4319213,41.9961816
North Macedonia,Tetove,20.9728556,42.0068297
North Macedonia,Tetovo,20.9728556,42.0068297
North Macedonia,Veles,21.7705695,41.718869
Norway,Alesund,6.5550739,62.4802363
Norway,Aslia,12.0946232,60.5964651
Norway,Baerum,10.4997108,59.9289639
Norway,Bekkestua,10.5873302,59.9177484
Norway,Bergen,5.3259192,60.3943055
Norway,Birkeland,8.2320026,58.330797
Norway,Bodo,14.3817503,67.2844313
Norway,Brevik,9.699978,59.0528886
Norway,Brumunddal,10.9418392,60.884916
Norway,Drammen,10.175642,59.6964936
Norway,Elverum,11.7344421,60.9728025
Norway,Fredrikstad,10.8680241,59.1862012
Norway,Gjovik,10.5038864,60.8721617
Norway,Halden,11.537191,59.0680555
Norway,Hamar,11.1647964,61.0014937
Norway,Harstad,16.5440322,68.799943
Norway,Hemnes,14.1428509,66.0113546
Norway,Hurdal,10.9759615,60.4270172
Norway,Kristiansand,7.931858,58.0856276
Norway,Lillehammer,10.4265855,61.1333408
Norway,Lillestrom,11.2170354,59.9155395
Norway,Loddefjord,5.2331114,60.361483
Norway,Lørenskog,10.9669148,59.8970034
Norway,Mo I Rana,14.1386991,66.3110969
Norway,Moss,10.6596578,59.4146674
Norway,Narvik,17.4271978,68.4383796
Norway,Oslo,10.7389701,59.9133301
Norway,Porsgrunn,9.7363538,59.103735
Norway,Rud,10.3484461,60.8962428
Norway,Rådal,5.3211286,60.292417
Norway,Sarpsborg,11.2297811,59.254955
Norway,Skien,9.5311354,59.2662883
Norway,Stabekk,10.6015667,59.9083417
Norway,Stavanger,5.7318101,58.9699675
Norway,Tiller,10.3807074,63.3542019
Norway,Todalen,8.7038127,62.8196031
Norway,Tonsberg,10.2820491,59.3549795
Norway,Tromso,18.9558585,69.6516345
Norway,Trondheim,10.3952118,63.4304475
Norway,Ulset,10.4845335,63.3273745
Oman,Muscat,58.5938134,23.6123628
Pakistan,Faisalabad,73.0923253,31.4220558
Pakistan,Islamabad,73.0651511,33.6938118
Pakistan,Karachi,67.0207055,24.8546842
Pakistan,Lahore,74.3141829,31.5656822
Pakistan,Peshawar,71.5787458,34.0123846
Pakistan,Quetta,67.0172447,30.1957677
Pakistan,Rawalpindi,73.053721,33.5915446
Panama,Panama,-79.5341802,8.9714493
Panama,San Miguelito,-79.4933063,9.0551061
Paraguay,Asuncion,-57.6343814,-25.2800459
Peru,Ate,-76.896873,-12.0387281
Peru,Callao,-77.1391133,-12.0522626
Peru,Carabayllo,-77.0330337,-11.9007232
Peru,Huachipa,-76.9483623,-12.0169226
Peru,Lima,-77.0365256,-12.0621065
Peru,Puente Piedra,-77.0778382,-11.8667978
Peru,San Borja,-76.9988421,-12.107075
Peru,San Juan De Lurigancho,-77.0084106,-12.0017252
Peru,Santa Anita,-76.9645757,-12.0494148
Philippines,Baguio,120.5933719,16.4119905
Philippines,Baguio City,120.5933719,16.4119905
Philippines,Caloocan City,120.9724002,14.651348
Philippines,Cebu,123.9018183,10.2934946
Philippines,Davao City,125.6080623,7.0648306
Philippines,Manila,120.9803621,14.5904492
Philippines,Marikina City,121.0962692,14.6345531
Philippines,Metro Manila,121.1314832,14.7578149
Philippines,Navotas City,120.9479692,14.6571862
Philippines,Paranaque City,121.0331816,14.4573274
Philippines,Pasay City,120.9935485,14.5538309
Philippines,Pasig,121.0764343,14.5605166
Philippines,Quezon City,121.0486254,14.6510546
Philippines,San Carlos City,123.4190385,10.486048
Philippines,Taguig,121.0744942,14.5270538
Philippines,Urdaneta,120.5668992,15.9759995
Philippines,Valenzuela City,120.9694534,14.6916903
Philippines,Zamboanga City,122.0764868,6.9046876
Poland,Augustow,22.9802357,53.8437331
Poland,Belchatow,19.3694645,51.3667319
Poland,Belsk Duzy,20.8087878,51.8258436
Poland,Biala Podlaska,23.1193948,52.0338399
Poland,Bialystok,23.1591679,53.132398
Poland,Bielsko Biala,19.0448936,49.822118
Poland,Bochnia,20.430541,49.9693563
Poland,Bogatynia,14.9539185,50.9077147
Poland,Borowiec,18.1246908,54.4116529
Poland,Brodnica,19.3993626,53.258092
Poland,Brzeziny,19.7517694,51.8004949
Poland,Busko-Zdroj,20.71919,50.46759
Poland,Bydgoszcz,18.0002529,53.1219648
Poland,Bytnica,15.1658027,52.1483682
Poland,Bytom,18.9231857,50.3470387
Poland,Chelm,23.4711548,51.1339221
Poland,Chelmno,18.4235473,53.3493915
Poland,Chomiaza Ksieza,17.8485075,52.8316789
Poland,Chorzow,18.9544466,50.2978791
Poland,Ciechanow,20.6191479,52.8819798
Poland,Ciechocinek,18.7906883,52.882552
Poland,Cieszyn,18.6334308,49.7488623
Poland,Czerniawa,21.7997222,51.3305556
Poland,Czestochowa,19.113213,50.8120466
Poland,Dabrowa Gornicza,19.2078918,50.3308692
Poland,Debica,21.4104804,50.0514601
Poland,Diabla Gora,22.0401722,54.1240519
Poland,Duszniki Zdroj,16.3901528,50.4044249
Poland,Dzialoszyn,18.8651624,51.116785900000004
Poland,Dzierzoniow,16.6514455,50.7281896
Poland,Elblag,19.4044583,54.1558708
Poland,Elk,22.3615813,53.8248304
Poland,Florianka,22.9872718,50.5566302
Poland,Gac,17.45569,54.69385
Poland,Gajew,19.7558399,52.2289102
Poland,Gdansk,18.6540233,54.3482907
Poland,Gdynia,18.5402738,54.5164982
Poland,Gliwice,18.6657306,50.294113
Poland,Glogow,16.0935567,51.6636791
Poland,Glubczyce,17.8301977,50.2001072
Poland,Gniezno,17.595889,52.5359736
Poland,Godow,18.4848433,49.9173271
Poland,Goldap,22.3018576,54.3077084
Poland,Gorlice,21.1593832,49.65829
Poland,Gorne Gruczno,18.3135848,53.3670179
Poland,Gorzow Wielkopolski,15.2400451,52.7309926
Poland,Granica,20.4428855,52.2876858
Poland,Grudziadz,18.7557746,53.4876477
Poland,Gryfino,14.4924243,53.2535889
Poland,Hajnowka,23.5878728,52.7365783
Poland,Horyniec Zdroj,23.3625975,50.1910278
Poland,Ilawa,19.5612175,53.5976095
Poland,Inowroclaw,18.2595624,52.7952408
Poland,Iwonicz Zdroj,21.7932328,49.5696688
Poland,Jarczew,21.9569274,51.8144132
Poland,Jaroslaw,22.6796573,50.0159029
Poland,Jaslo,21.4743139,49.7470465
Poland,Jasna Gora,14.9588854,50.8732391
Poland,Jawiszowice,19.1394723,49.96214
Poland,Jawor,16.1932008,51.0504653
Poland,Jelenia Gora,15.7344306,50.9031028
Poland,Kalinowka,22.9758334,52.8247222
Poland,Kalisz,18.0895358,51.7624752
Poland,Karpacz,15.7542035,50.7747485
Poland,Kaszow,19.725718,50.0393388
Poland,Katowice,19.0215852,50.2598987
Poland,Kedzierzyn-Kozle,18.2109594,50.3448836
Poland,Kielce,20.6310488,50.8719903
Poland,Klodzko,16.6551878,50.438651
Poland,Kluczbork,18.2140089,50.9730701
Poland,Knurow,18.6706574,50.2216536
Poland,Kolobrzeg,15.5764209,54.1759614
Poland,Koniczynka,18.68719,53.07812
Poland,Konin,18.2521112,52.2301933
Poland,Konskie,20.4071836,51.1910223
Poland,Konstancin Jeziorna,21.1208073,52.0834787
Poland,Koscierzyna,17.9781656,54.1210215
Poland,Koszalin,16.17707,54.19092
Poland,Koziegłowy,19.1615203,50.5978707
Poland,Krakow,19.9368564,50.0619474
Poland,Krasnik,22.229206,50.9249236
Poland,Krempna,21.5031014,49.5103475
Poland,Kromolin,15.8846999,51.6851975
Poland,Krosno,21.7651458,49.6938045
Poland,Krynica Zdroj,20.9594176,49.4206138
Poland,Krzyzowka,20.4786862,52.0052186
Poland,Kudowa Zdroj,16.2416299,50.4420034
Poland,Kutno,19.3570182,52.2317559
Poland,Kwidzyn,18.9319222,53.7335842
Poland,Ladek Zdroj,16.8725948,50.3458254
Poland,Leba,17.555417,54.7585207
Poland,Lebork,17.7472272,54.5391501
Poland,Legionowo,20.9308309,52.3952285
Poland,Legnica,16.1603187,51.2081617
Poland,Leszno,16.5744141,51.8436498
Poland,Liniewko Koscierskie,18.1812806,54.1026699
Poland,Lodz,19.4569911,51.7687323
Poland,Lomza,22.0727551,53.1750699
Poland,Lowicz,19.9447873,52.107683
Poland,Luban,16.8784788,52.3458174
Poland,Lublin,22.5701022,51.250559
Poland,Lubliniec,18.6825574,50.669016
Poland,Lukow,18.404335,50.0993985
Poland,Makow Podhalanski,19.6768803,49.7298971
Poland,Makowski,19.6219444,49.7463889
Poland,Malbork,19.0368496,54.0358356
Poland,Malogoszcz,20.2648324,50.8123487
Poland,Marwice,15.113183,52.775328
Poland,Mieczyslawow,21.6558635,51.3686941
Poland,Mielec,21.4229453,50.2895407
Poland,Minsk Mazowiecki,21.5587372,52.1812046
Poland,Mlawa,20.3831732,53.1116182
Poland,Mogilno,17.9500677,52.657341
Poland,Mragowo,21.3045796,53.8660707
Poland,Muszyna,20.8967477,49.3561684
Poland,Mysliborz,14.8664799,52.924825
Poland,Myszkow,19.3219413,50.5736481
Poland,Naklo,18.9059878,50.4370002
Poland,Naklo Nad Notecia,17.5998891,53.1386896
Poland,Naleczow,22.214792,51.2876064
Poland,Nidzica,20.4275719,53.3613838
Poland,Niepolomice,20.2171599,50.0331163
Poland,Nisko,22.139886,50.5198985
Poland,Nowa Ruda,16.5014757,50.5791982
Poland,Nowa Sol,15.7175608,51.8019595
Poland,Nowa Swidzialowka,23.6631404,53.2225579
Poland,Nowiny,22.137397,54.1864242
Poland,Nowy Sacz,20.691346,49.6249173
Poland,Nowy Targ,20.030541,49.4818229
Poland,Nowy Tomysl,16.1291553,52.3177643
Poland,Nysa,17.3324733,50.4738029
Poland,Olawa,17.2957066,50.9431901
Poland,Olesnica,17.3804559,51.2095314
Poland,Olesno,18.4219452,50.8766575
Poland,Olkusz,19.5596307,50.2788158
Poland,Olsztyn,20.476507,53.7766839
Poland,Opoczno,20.2931754,51.3782439
Poland,Opole,17.9236408,50.6668184
Poland,Ostroda,19.9623028,53.7028533
Poland,Ostroleka,21.5668607,53.0843135
Poland,Ostrow Wielkopolski,17.8167085,51.6495023
Poland,Otwock,21.2681092,52.1041197
Poland,Ozarow,21.6656244,50.8864089
Poland,Oświęcim,19.2214053,50.0382443
Poland,Pabianice,19.3535024,51.6639859
Poland,Parzniewice,19.5168408,51.298091
Poland,Parzniewiczki,19.51781,51.28225
Poland,Piaseczno,21.0270885,52.0747377
Poland,Piaski,22.8475225,51.1378115
Poland,Piastow,20.8415937,52.1812559
Poland,Pila,16.7380343,53.1511324
Poland,Piotrkow Trybunalski,19.696167,51.4082625
Poland,Plock,19.7008606,52.5464521
Poland,Polanica Zdroj,16.5107431,50.4079276
Poland,Polaniec,21.2810473,50.4329071
Poland,Polkowice,16.0713371,51.5039288
Poland,Ponik,21.0860213,50.5699656
Poland,Poznan,16.9335199,52.4082663
Poland,Proszowice,20.2917555,50.1926479
Poland,Prudnik,17.5801041,50.3217212
Poland,Przemysl,22.7698454,49.7845132
Poland,Pszczyna,18.9423721,49.9778089
Poland,Pulawy,21.9720582,51.4171713
Poland,Rabka Zdroj,19.9622575,49.6076663
Poland,Raciborz,18.2196766,50.0917343
Poland,Radom,21.1541546,51.4022557
Poland,Radomierzyce,14.9741893,51.0597607
Poland,Radomsko,19.4446109,51.0674769
Poland,Radzyn Podlaski,22.6208818,51.7827253
Poland,Rawa Mazowiecka,20.2519293,51.7624929
Poland,Reczyn,20.0168638,52.4610249
Poland,Rejowiec Fabryczny,23.2467333,51.1191844
Poland,Rudna,16.2637078,51.5104319
Poland,Rybnik,18.5419933,50.0955793
Poland,Rymanow,21.8676433,49.576131
Poland,Rzeszow,22.0047174,50.0374531
Poland,Sanok,22.207028,49.5609053
Poland,Siedlce,22.2765138,52.1663751
Poland,Sieradz,18.7378774,51.5942475
Poland,Sitkowka Nowiny,20.5446441,50.820132
Poland,Skarzysko Kamienna,20.857883,51.1138821
Poland,Skawina,19.8265702,49.9747508
Poland,Skierniewice,20.1430044,51.9568581
Poland,Slupsk,17.028073,54.4649331
Poland,Smolary Bytnickie,15.2076608,52.177054
Poland,Sniezne Kotly,15.5609623,50.7784465
Poland,Sobczyce,16.0728209,51.7040386
Poland,Sopot,18.5684902,54.4447922
Poland,Sosnowiec,19.1342944,50.2780834
Poland,Stalowa Wola,22.0644075,50.5653105
Poland,Starachowice,21.0761377,51.0518865
Poland,Starogard Gdanski,18.532113,53.9671805
Poland,Sucha Beskidzka,19.5905975,49.74079
Poland,Sulecin,15.1161501,52.4413768
Poland,Suwalki,22.9279363,54.0990636
Poland,Swidnica,16.4870549,50.8424835
Poland,Swiecie,18.4455253,53.4072518
Poland,Swieradow Zdroj,15.3332153,50.9093388
Poland,Szarow,18.8716938,51.94962
Poland,Szczawno Zdroj,16.2515692,50.8008062
Poland,Szczecin,14.5509623,53.4301818
Poland,Szklarki,15.75113,51.5206
Poland,Szymbark,18.10255,54.2189
Poland,Tarnobrzeg,21.6791667,50.5729327
Poland,Tarnow,20.9880739,50.0123784
Poland,Tarnowo Podgorne,16.6664446,52.4657445
Poland,Tarnowskie Gory,18.8554757,50.4445194
Poland,Tczew,18.8000293,54.0869532
Poland,Tluszcz,21.4355074,52.4301697
Poland,Tomaszow Lubelski,23.4165561,50.4469315
Poland,Tomaszow Mazowiecki,20.0084195,51.5316918
Poland,Torun,18.6048094,53.0102721
Poland,Trzcianka,16.4614788,53.041755
Poland,Trzebinia,19.4709097,50.1597686
Poland,Tuchola,17.8590414,53.5880901
Poland,Tuchow,21.0538362,49.895219
Poland,Tychy,18.9965933,50.114397
Poland,Uniejow,18.793245,51.9741302
Poland,Ustron,18.8028338,49.7181505
Poland,Wadowice,19.4925345,49.8834484
Poland,Wagrowiec,17.1973241,52.8071754
Poland,Walbrzych,16.2825424,50.7659054
Poland,Warszawa,21.0067249,52.2319581
Poland,Wejherowo,18.247934,54.6026348
Poland,Widuchowa,20.7923885,50.4852832
Poland,Wielun,18.5700965,51.2204544
Poland,Wieniec-Zdroj,18.98969,52.65631
Poland,Wilczogora,16.42692,54.03339
Poland,Wladyslawowo,18.4087342,54.7901316
Poland,Wlen,15.6744645,51.0168814
Poland,Wloclawek,19.071948,52.6603872
Poland,Wodzislaw Slaski,18.4630383,50.0024107
Poland,Wolomin,21.2420179,52.3468689
Poland,Wroclaw,17.0326689,51.1089776
Poland,Wschowa,16.3172771,51.8038354
Poland,Zabierzow,19.7993814,50.1146386
Poland,Zabkowice Slaskie,16.8111518,50.5892698
Poland,Zabrze,18.7863749,50.3086154
Poland,Zakopane,19.9504753,49.2969114
Poland,Zamosc,23.2525711,50.7170854
Poland,Zary,15.1422487,51.6385162
Poland,Zawiercie,19.4333887,50.4844179
Poland,Zdunska Wola,18.9333201,51.6028615
Poland,Zdzieszowice,18.1193187,50.4202928
Poland,Zgierz,19.4052228,51.8560819
Poland,Zgorzelec,15.0079028,51.1477005
Poland,Zielona Gora,15.5050408,51.9383777
Poland,Zielonka,21.1523199,52.310847
Poland,Zlotoryja,15.9169833,51.1247624
Poland,Zloty Potok,19.4380544,50.7056697
Poland,Zory,18.6943479,50.0454961
Poland,Zwierzyniec,22.9706317,50.6145878
Poland,Zyrardow,20.4435009,52.0543308
Poland,Zywiec,19.20305,49.6890338
Poland,Złockie,20.8879012,49.3745104
Portugal,Alandroal,-7.3844274,38.6024048
Portugal,Albufeira,-8.2526339,37.088241
Portugal,Algueirao-Mem Martins,-9.3397834,38.7999099
Portugal,Almada,-9.1576301,38.6831302
Portugal,Alverca Do Ribatejo,-9.0396136,38.8935253
Portugal,Amadora,-9.2365233,38.758959
Portugal,Aveiro,-8.6537841,40.640496
Portugal,"Aveiro, Aveiro",-8.6537841,40.640496
Portugal,Avintes,-8.5507083,41.1054014
Portugal,Azores,-25.6221778,37.7751374
Portugal,Baixa Da Banheira,-9.0440862,38.6569048
Portugal,Barreiro,-9.0478559,38.6340657
Portugal,Braga,-8.4280045,41.5510583
Portugal,Bucelas,-9.118728,38.9016248
Portugal,Buraca,-9.2085676,38.7430776
Portugal,Carcavelos,-9.3346828,38.6900906
Portugal,Cascais,-9.4204495,38.6968919
Portugal,Chamusca,-8.4802892,39.3560025
Portugal,Coimbra,-8.4294632,40.2111931
Portugal,"Coimbra, Coimbra",-8.4294632,40.2111931
Portugal,Custoias,-7.3195001,41.1052475
Portugal,Ermesinde,-8.5515798,41.2170785
Portugal,Espinho,-8.6394111,41.0083643
Portugal,Estarreja,-8.5703455,40.7523494
Portugal,Evora,-7.9092808,38.5707742
Portugal,Faro,-7.935182,37.0162944
Portugal,Fornelo Do Monte,-8.1013482,40.6651997
Portugal,Funchal,-16.9086783,32.6496497
Portugal,Guimaraes,-8.2955712,41.4417677
Portugal,Horta,-28.7096295,38.5795831
Portugal,Ilhavo,-8.6666667,40.6001108
Portugal,Leca Do Balio,-8.628658,41.2129235
Portugal,Leiria,-8.8071119,39.7437902
Portugal,Lisboa,-9.1365919,38.7077507
Portugal,Loures,-9.1684512,38.8308741
Portugal,Lourinha,-9.3119326,39.2433932
Portugal,Maia,-8.6299982,41.2373456
Portugal,Marateca,-8.6714559,38.5784205
Portugal,Matosinhos,-8.6821998,41.1806814
Portugal,Mindelo,-8.7229571,41.3135328
Portugal,Montemor O Velho,-8.6845418,40.172664
Portugal,Odivelas,-9.1792617,38.7904338
Portugal,Pacos De Ferreira,-8.378194,41.290118
Portugal,Palmela,-8.9011653,38.569601
Portugal,Paredes,-8.3332321,41.2078862
Portugal,Perafita,-8.6968605,41.2238494
Portugal,Portimao,-8.5368426,37.1375808
Portugal,Porto,-8.6103497,41.1502195
Portugal,Porto Santo,-16.3362236,33.0657845
Portugal,Salgueiro,-7.3040835,40.2390355
Portugal,Santana,-16.8813015,32.804907
Portugal,Santiago Do Cacem,-8.6937882,38.018461
Portugal,Santo Tirso,-8.4772021,41.3440057
Portugal,Sao Bartolomeu De Galegos,-9.2649428,39.2913792
Portugal,Seixal,-9.1072662,38.6422246
Portugal,Seixeira,-7.4459474,41.8415827
Portugal,Senhora Da Hora,-8.6513544,41.1853221
Portugal,Setubal,-8.8932341,38.5241783
Portugal,Sines,-8.8689639,37.956549
Portugal,Sintra,-9.3522371,38.8355446
Portugal,Valongo,-8.4980511,41.1909794
Portugal,Vaqueiros,-7.7280788,37.3842457
Portugal,Viana Do Castelo,-8.831088,41.694867
Portugal,Vila Do Conde,-8.7435403,41.3540398
Portugal,Vila Franca De Xira,-8.9889234,38.9120641
Portugal,Vila Nova Da Telha,-8.6731499,41.2472504
Portugal,Vila Nova De Famalicao,-8.5187849,41.4064621
Portugal,Vila Nova De Gaia,-8.6057396,41.1292264
Portugal,Vila Real,-7.7457614,41.2976935
Portugal,Vouzela,-8.1484337,40.6754515
Qatar,Al Wakrah,51.6013212,25.1566623
Qatar,Al-Bidda,51.5193599,25.2931033
Qatar,Doha,51.5264162,25.2856329
Qatar,Muaither,51.4160217,25.2743043
Romania,Alba Iulia,23.5704398,46.0687385
Romania,Alexandria,25.3288462,43.9702236
Romania,Arad,21.3196342,46.1753793
Romania,Bacau,26.9153557,46.5560493
Romania,Baia Mare,23.5719843,47.6565584
Romania,Bistrita,24.4963949,47.1327012
Romania,Blejoi,26.0116284,44.9918512
Romania,Bosia,27.2797992,46.3865622
Romania,Botosani,26.6599858,47.7450706
Romania,Braila,27.9742932,45.2716092
Romania,Branistea,24.0661497,47.1720256
Romania,Brasov,25.6105654,45.6525105
Romania,Brazii De Jos,26.0226446,44.8500951
Romania,Bucharest,26.1027202,44.4361414
Romania,Buchin,22.2423182,45.3644656
Romania,Bucuresti,26.1027202,44.4361414
Romania,Buzau,26.8306557,45.1490064
Romania,Calan,22.9972247,45.7348308
Romania,Calarasi,27.3313233,44.1961646
Romania,Calotesti,24.7616144,44.9835306
Romania,Campulung,25.0438643,45.2697704
Romania,Carani,21.1607835,45.9093093
Romania,Carei,22.4695102,47.6829338
Romania,Cazasu,27.8863728,45.2703697
Romania,Cluj,23.5899542,46.769379
Romania,Cluj Napoca,23.5899542,46.769379
Romania,Constanta,28.6507598,44.1767161
Romania,Copsa Mica,24.2282191,46.1123071
Romania,Craiova,23.7965614,44.3190159
Romania,Călărași,27.3313233,44.1961646
Romania,Dej,23.8759884,47.1426672
Romania,Deva,22.9008611,45.8817402
Romania,Drobeta Turnu Severin,22.6531975,44.6257835
Romania,Dumbrăveni,24.5761141,46.2246329
Romania,Fieni,25.4195745,45.130649
Romania,Firiza,23.6049493,47.7488918
Romania,Focsani,27.1856921,45.697274
Romania,Galati,28.0549395,45.4338215
Romania,Giurgiu,25.9658111,43.8959058
Romania,Hunedoara,22.9073522,45.757454
Romania,Husi,28.0620905,46.6720031
Romania,Iasi,27.5837814,47.1615598
Romania,Isaccea,28.4571456,45.2721887
Romania,Isalnita,23.7332513,44.3946512
Romania,Ludus,24.0950842,46.4833006
Romania,Lugoj,21.9063162,45.6862542
Romania,Magurele,26.0292694,44.350196
Romania,Mangalia,28.5830306,43.8150793
Romania,Medgidia,28.269625,44.2443001
Romania,Medias,24.3473855,46.1625212
Romania,Merișani,24.7445983,44.9688645
Romania,Miercurea Ciuc,25.8026675,46.3614042
Romania,Modelu,27.3851942,44.1962461
Romania,Moldova Noua,21.6657727,44.7351089
Romania,Moldova Veche,21.6198348,44.7213534
Romania,Nadlac,20.7499924,46.1666807
Romania,Navodari,28.6110868,44.3212304
Romania,Oarja,24.9751599,44.7578734
Romania,Oinacu,26.0152735,43.9564917
Romania,Onesti,26.770213,46.2520269
Romania,Oradea,21.9285231,47.0549163
Romania,Otelu Rosu,22.3577418,45.5198288
Romania,Piatra Neamt,26.3695046,46.9319894
Romania,Pietroasa,23.6359245,46.463234
Romania,Pitesti,24.8719422,44.8572343
Romania,Ploiesti,26.0236504,44.9417468
Romania,Poiana Stampei,25.1269428,47.3106908
Romania,Ramnicu Sarat,27.0417011,45.3854458
Romania,Ramnicu Valcea,24.3647209,45.1031731
Romania,Resita,21.8877676,45.2890106
Romania,Roman,26.9284165,46.92528
Romania,Rosia Jiu,23.1613649,44.89041
Romania,Rovinari,23.163126,44.8978747
Romania,Sanpetru,25.632262,45.7066415
Romania,Satu Mare,22.8725598,47.7891763
Romania,Sebes,25.0298082,45.7260815
Romania,Sector 3,26.1650992,44.4182836
Romania,Sfantu Gheorghe,25.7865367,45.8659935
Romania,Sibiu,24.1519202,45.7973912
Romania,Siret,26.0692763,47.9516479
Romania,Slatina,24.3631837,44.4299971
Romania,Slobozia,27.3618477,44.5635999
Romania,Suceava,26.2522599,47.647001
Romania,Targoviste,25.462816,44.9267709
Romania,Targu Jiu,23.2728118,45.0422947
Romania,Targu Mures,24.561196,46.5446253
Romania,Tasca,26.0226419,46.8936854
Romania,Tecuci,27.4290798,45.8457816
Romania,Tetchea,22.3248478,47.0459392
Romania,Timisoara,21.2257474,45.7538355
Romania,Tomesti,27.6986015,47.1313665
Romania,Tulcea,28.8016348,45.177518
Romania,Turceni,23.3730835,44.6807576
Romania,Turnu Magurele,24.8691717,43.7518306
Romania,Târnăveni,24.2804126,46.3295278
Romania,Udeni-Zavoi,24.9986089,44.8286401
Romania,Ungheni,24.4574193,46.4834798
Romania,Urziceni,26.6324066,44.717002
Romania,Vaslui,27.7309515,46.639394
Romania,Vulcan,23.2940874,45.3748642
Romania,Zalau,23.0562143,47.1819416
Romania,Zlatna,23.2247191,46.1113532
Russia,Moscow,37.6174782,55.7505412
San Marino,San Marino,12.4466991,43.9363996
Saudi Arabia,Dammam,50.1039991,26.4367824
Saudi Arabia,Jeddah,39.1742363,21.5504432
Saudi Arabia,Jubail,49.6532161,27.0006968
Saudi Arabia,Medina,39.6111216,24.471153
Saudi Arabia,Yanbu,38.0687076,24.089019
Senegal,Dakar,-17.447938,14.693425
Serbia,Belgrade,20.4568974,44.8178131
Serbia,Beograd,20.4568974,44.8178131
Serbia,Bor,22.0991779,44.0778456
Serbia,Brzeće,20.8853747,43.3011453
Serbia,Cacak,20.3491624,43.8914332
Serbia,Kamenica,19.9205303,43.8875321
Serbia,Kikinda,20.4653054,45.8300065
Serbia,Kostolac,21.1710906,44.7149424
Serbia,Kragujevac,20.91925,44.0130251
Serbia,Krusevac,21.3264811,43.58264
Serbia,Nis,21.9212335,43.3162736
Serbia,Novi Sad,19.8451756,45.2551338
Serbia,Pancevo,20.6399643,44.8705686
Serbia,Sjenica,19.9991727,43.2729348
Serbia,Smederevo,20.9271115,44.6651048
Serbia,Smederevska Palanka,20.9579781,44.3658207
Serbia,Starcevo,20.6998149,44.8100472
Serbia,Valjevo,19.8863297,44.2708719
Serbia,Vranje,21.8979003,42.5543511
Serbia,Zrenjanin,20.3907614,45.3802683
Singapore,Singapore,103.8519072,1.2899175
Slovakia,Banska Bystrica,19.1585805,48.7383895
Slovakia,Bratislava,17.1093063,48.1516988
Slovakia,Bystricany,18.5177264,48.6589444
Slovakia,Handlova,18.7626944,48.7314317
Slovakia,Hnusta,19.9534359,48.5785408
Slovakia,Horna Lehota,19.5465007,48.838365
Slovakia,Hrabusice,20.4103349,48.9756056
Slovakia,Humenne,21.9020268,48.9350033
Slovakia,Jelsava,20.2410264,48.627484
Slovakia,Kamenec Pod Vtacnikom,18.5472974,48.6718679
Slovakia,Kojšov,20.9882394,48.8219398
Slovakia,Kosice,21.2496774,48.7172272
Slovakia,Krompachy,20.8754977,48.9144118
Slovakia,Ladomirov,22.3037043,48.9275986
Slovakia,Malacky,17.0200447,48.4362992
Slovakia,Martin,18.929193,49.0724921
Slovakia,Nitra,18.0894593,48.31295
Slovakia,Okoc,17.8090464,47.886638
Slovakia,Poprad,20.2976401,49.0541521
Slovakia,Presov,21.2392122,49.0000074
Slovakia,Prievidza,18.6234916,48.7718361
Slovakia,Ruzomberok,19.3034168,49.0815718
Slovakia,Senica,17.3661529,48.6787557
Slovakia,Stakčin,22.2336337,49.0039415
Slovakia,Stara Lesna,20.3066302,49.1368294
Slovakia,Strazske,21.8337692,48.8746597
Slovakia,Trencin,18.0387465,48.8922719
Slovakia,Trnava,17.5858175,48.3767652
Slovakia,Velka Ida,21.1663361,48.5932892
Slovakia,Vranov Nad Toplou,21.6822318,48.8891513
Slovakia,Ziar Nad Hronom,18.8500892,48.5910183
Slovakia,Zilina,18.7393139,49.2234674
Slovakia,Zvolen,19.1247135,48.5782517
Slovenia,Celje,15.2616828,46.2293889
Slovenia,Hrastnik,15.0817358,46.1456196
Slovenia,Koper,13.7304781,45.5479864
Slovenia,Kovk,13.9376366,45.9127619
Slovenia,Kranj,14.3549353,46.2432913
Slovenia,Ljubljana,14.5069289,46.0500268
Slovenia,Maribor,15.6455854,46.5576439
Slovenia,Murska Sobota,16.1655256,46.6624644
Slovenia,Nova Gorica,13.6474706,45.9580549
Slovenia,Novo Mesto,15.1696684,45.8040475
Slovenia,Rakican,16.1971134,46.6511238
Slovenia,Stalcerji,14.871335,45.5706431
Slovenia,Trbovlje,15.0540204,46.1558964
Slovenia,Velenje,15.1150301,46.3592869
Slovenia,Zagorje Ob Savi,14.9952714,46.1342168
Slovenia,Zerjav,14.8690176,46.4827035
South Africa,Bojanala,27.2168548,-25.6490783
South Africa,Buffalo City,27.8743088,-32.9924492
South Africa,Cape Town,18.4172197,-33.9288301
South Africa,City Of Johannesburg,28.0498575,-26.2054913
South Africa,Diepkloof,27.9502778,-26.2419444
South Africa,Durban,31.009909,-29.861825
South Africa,Ermelo,29.9862195,-26.5201061
South Africa,Ethekwini,31.009909,-29.861825
South Africa,Hartebeespoort,27.9671858,-25.7747787
South Africa,Joburg,28.049722,-26.205
South Africa,Johannesburg,28.049722,-26.205
South Africa,Mopani,31.3966361,-23.5195058
South Africa,Mpumalanga,30.630278,-29.813333
South Africa,Nelson Mandela Bay,25.5461445,-33.9080969
South Africa,Richards Bay,32.0577775,-28.7707857
South Africa,Sebokeng,27.8625,-26.560278
South Africa,Sedibeng,26.8211111,-25.2158333
South Africa,Sekunda,29.202778,-26.516111
South Africa,Tshwane,28.1879101,-25.7459277
South Africa,Vereeniging,27.9261111,-26.6747222
South Africa,Waterberg,28.24626,-25.731586
South Africa,West Coast,18.4850964,-33.8046455
South Africa,West Rand,27.7636345,-26.303655
South Africa,Witbank,29.2099962,-25.8762409
South Africa,Zamdela,27.8569444,-26.8427778
South Korea,Ansan,126.8308604,37.3217152
South Korea,Anyang,126.9570605,37.3938528
South Korea,Bucheon,126.7660139,37.5014422
South Korea,Busan,129.0752365,35.1799528
South Korea,Changwon,128.6818586,35.227956
South Korea,Cheonan,127.1140654,36.8150283
South Korea,Cheongju,127.4891742,36.6421169
South Korea,Chuncheon,127.7297641,37.8810569
South Korea,Chungju,127.9259891,36.9907334
South Korea,Chungnam,127.3521734,36.3663733
South Korea,Daegu,128.6018,35.8713
South Korea,Daegu Metropolitan City,128.6018,35.8713
South Korea,Daejeon,127.3849016,36.3497007
South Korea,Gangneung,128.8759523,37.7525313
South Korea,Gimcheon,128.1139534,36.1398035
South Korea,Gumi,128.3444692,36.1195513
South Korea,Gunsan,126.7369036,35.9679984
South Korea,Guri,127.1297917,37.5935948
South Korea,Gwacheon,126.9881655,37.4289037
South Korea,Gwangju,126.8515034,35.1594647
South Korea,Gwangmyeong,126.8643937,37.4785475
South Korea,Gwangyang,127.6959512,34.9406452
South Korea,Gyeonggi-Do,126.9303863,36.9939042
South Korea,Gyeongju,129.2248811,35.8556705
South Korea,Gyeongnam,126.8564689,37.5041191
South Korea,Iksan,126.9578025,35.9479291
South Korea,Incheon,126.7052,37.456
South Korea,Incheon Metropolitan City,126.7052,37.456
South Korea,Jecheon,128.1913508,37.1326042
South Korea,Jeju,126.5313902,33.4998289
South Korea,Jeonbuk,127.51128,37.42874
South Korea,Jeonju,127.1472805,35.8237631
South Korea,Jeonnam,126.9209793,35.1407017
South Korea,Mokpo,126.3847547,34.7903335
South Korea,Pohang,129.3429384,36.0189315
South Korea,Seongnam Si,127.1262092,37.4201556
South Korea,Seosan,126.450317,36.784499
South Korea,Seoul,126.9782914,37.5666791
South Korea,Suwon,127.0287472,37.2633325
South Korea,Uijeongbu,127.0339665,37.7380747
South Korea,Ulsan,129.3119136,35.5391697
South Korea,Ulsan Metropolitan City,129.3119136,35.5391697
South Korea,Wonju,127.9197603,37.3420996
South Korea,Yeosu,127.659859,34.7546257
Spain,A Coruna,-8.3959425,43.3709703
Spain,Abanto Y Ciervana,-3.075375,43.3188635
Spain,Aguimes,-15.4445131,27.9049541
Spain,Aia,-2.1486633,43.2364978
Spain,Alacant,-0.4881708,38.3436365
Spain,Alagon,-1.1188807,41.7711121
Spain,Albacete,-1.8559154,38.9950921
Spain,Albalat Dels Tarongers,-0.3371981,39.7028908
Spain,Alcala De Guadaira,-5.8408396,37.3397709
Spain,Alcala De Henares,-3.363981,40.481954
Spain,Alcanar,0.4793334,40.5438634
Spain,Alcaniz,-0.1299694,41.0506674
Spain,Alcantarilla,-1.2149543,37.9680649
Spain,Alcobendas,-3.6358494,40.5400082
Spain,Alcoi,-0.4747619,38.6982348
Spain,Alcora,-0.2142146,40.0746619
Spain,Alcorcon,-3.8284295,40.3492998
Spain,Alcover,1.1702772,41.2629186
Spain,Alcoy,-0.4747619,38.6982348
Spain,Alcudia,3.1212505,39.8532473
Spain,Alfaraz De Sayago,-5.9834205,41.2273404
Spain,Alfaro,-1.7492454,42.1785741
Spain,Algar,-5.6564009,36.6566286
Spain,Algar De Palancia,-0.367464,39.7810953
Spain,Algeciras,-5.4473991,36.1311725
Spain,Algete,-3.4974246,40.5961652
Spain,Alicante,-0.4881708,38.3436365
Spain,Almassora,-0.0634783,39.9435743
Spain,Almazora,-0.0634783,39.9435743
Spain,Almeria,-2.4628135,36.8414197
Spain,Almonte,-6.5175751,37.2611686
Spain,Altsasu,-2.1791811,42.9104705
Spain,Alzira,-0.4346556,39.151212
Spain,Ametlla De Mar,0.800957,40.8838957
Spain,Amposta,0.5812561,40.7079905
Spain,Arafo,-16.4173287,28.3404454
Spain,Aranda De Duero,-3.6851172,41.6715067
Spain,Aranjuez,-3.6039604,40.03221
Spain,Arcos De La Frontera,-5.8122092,36.7526913
Spain,Arganda,-4.9611667,41.1162048
Spain,Arguedas,-1.5970062,42.1758188
Spain,Arico,-16.49776,28.1905269
Spain,Armilla,-3.6277259,37.1431197
Spain,Arona,-16.6809103,28.0996248
Spain,Arrasate,-2.4900779,43.0656783
Spain,Arrasate Mondragon,-2.4900779,43.0656783
Spain,Arrecife,-13.5499014,28.9639681
Spain,Arrigorriaga,-2.8873537,43.2065921
Spain,Arrubal,-2.2521162,42.4354749
Spain,Arteixo,-8.508275,43.3045943
Spain,Arucas,-15.5232237,28.1184492
Spain,As Pontes De Garcia Rodriguez,-7.8530971,43.4501237
Spain,Astillero,-4.3603685,41.4510354
Spain,Asturias,-5.8877648,43.5178457
Spain,Atazar,-2.0126337,42.9441072
Spain,Avila,-4.7002172,40.656478
Spain,Aviles,-5.9222466,43.5554436
Spain,Azpeitia,-2.2657422,43.1838618
Spain,Azuqueca De Henares,-3.2627134,40.5683808
Spain,Badajoz,-6.9701115,38.878187
Spain,Badalona,2.248254,41.4493539
Spain,Bailen,-3.7765601,38.096787
Spain,Balcon De Telde,-15.446021,27.995723
Spain,Barakaldo,-2.9900933,43.29548
Spain,Barbera Del Valles,2.1265942,41.5172534
Spain,Barcarrota,-6.8492865,38.5159459
Spain,Barcelona,2.177073,41.3825802
Spain,Barreda,-4.0424538,43.3687232
Spain,Barriada Rio San Pedro,-6.2265238,36.5233985
Spain,Barrios,-7.4461251,41.9019106
Spain,Basauri,-2.8920543,43.235372
Spain,Beasain,-2.2032868,43.0473269
Spain,Bedar,-1.9806488,37.1909576
Spain,Bellver De Cerdanya,1.7745202,42.3702061
Spain,Benahadux,-2.460209,36.9251533
Spain,Benicasim,0.0644655,40.0554183
Spain,Benidorm,-0.1290929,38.5406255
Spain,Berga,1.8454758,42.1011456
Spain,Bernedo,-2.4980928,42.6267187
Spain,Bilbao,-2.9350039,43.2630018
Spain,Bizkaia,-1.37334,42.6386972
Spain,Brena Alta,-17.7867588,28.6637814
Spain,Brena Baja,-17.7904259,28.6305385
Spain,Bujaraloz,-0.1511751,41.4979089
Spain,Bunol,-0.7909637,39.4189582
Spain,Burela,-7.3587521,43.6606329
Spain,Burgos,-3.696977,42.343926
Spain,Burjassot,-0.4108581,39.5090599
Spain,Buron,-5.0514632,43.0244821
Spain,Burriana,-0.0846321,39.8876912
Spain,Buzanada,-16.6543371,28.0726391
Spain,Caceres,-6.3716761,39.4745175
Spain,Cadaques,3.2752159,42.2893484
Spain,Cadiz,-6.2928976,36.5297438
Spain,Calafat,0.8467626,40.9318174
Spain,Calanda,-0.2314866,40.9403014
Spain,Camargo,-3.88487,43.40794
Spain,Cambre,-8.3444415,43.2923291
Spain,Campillos,-4.8621698,37.0470137
Spain,Campisabalos,-3.1455702,41.2675337
Spain,Campohermoso,-2.1324003,36.937688
Spain,Candelaria,-16.3710091,28.3546715
Spain,Cangas Del Narcea,-6.5499784,43.1774374
Spain,Caravaca De La Cruz,-1.861118,38.1046979
Spain,Carboneras,-1.8946552,36.9968699
Spain,Cardenajimeno,-3.6208379,42.3303559
Spain,Carracedelo,-6.7289709,42.5572411
Spain,Carral,-8.3558882,43.2297016
Spain,Cartagena,-0.9876857,37.6152488
Spain,Caspe,-0.0394842,41.2368318
Spain,Castellet I La Gornal,1.5917346000000001,41.2532183
Spain,Castello,-0.5123755,39.0795781
Spain,Castello De La Plana,-0.0377354,39.9860347
Spain,Castelnou,-0.3646998,41.228336
Spain,Castillo Del Romeral,-15.4608266,27.7995381
Spain,Castro Urdiales,-3.2162576,43.3843347
Spain,Caudete De Las Fuentes,-1.2803019,39.5591102
Spain,Cee,-9.1917202,42.9575581
Spain,Cerceda,-8.5034757,43.1626367
Spain,Cercs,1.8606233,42.1463987
Spain,Cervo,-7.4095553,43.6696977
Spain,Cesuras,-8.2087978,43.1751818
Spain,Cirat,-0.4624359,40.0552625
Spain,Ciudad Real,-3.9285138,38.9854201
Spain,Clariana,1.4981985,41.5910274
Spain,Collado Villalba,-3.9819765,40.6483467
Spain,Colmenar Viejo,-3.7659022,40.6588647
Spain,Congosto,-6.5201227,42.6175246
Spain,Constanti,1.2136747,41.1528113
Spain,Coratxa,0.0845723,40.690144
Spain,Cordoba,-4.7760138,37.8845813
Spain,Cornella De Llobregat,2.0706225,41.355724
Spain,Corrales De Buelna,-4.0667653,43.2619686
Spain,Coslada,-3.5552882,40.423802
Spain,Cuadros,-5.639153,42.7111486
Spain,Cubelles,1.6730541,41.2083363
Spain,Cuenca,-2.1313528,40.0661031
Spain,Cuevas Del Almanzora,-1.8807223,37.2961366
Spain,Donostia,-1.9838889,43.3224219
Spain,Donostia-San Sebastian,-1.9838889,43.3224219
Spain,Dos Hermanas,-5.9226718,37.283689
Spain,Dulantzi,-2.5120525,42.841519
Spain,Dumbria,-9.1179528,43.0104042
Spain,Durango,-2.6707465,43.1609794
Spain,Eivissa,1.430454,38.910072
Spain,Ejido,-15.4249951,27.9894002
Spain,El Brull,2.3052283,41.8168099
Spain,El Ejido,-2.8124886,36.7743863
Spain,El Grao De Castellon,0.015958,39.9749143
Spain,El Maillo,-6.1801033,40.5659979
Spain,El Medano,-16.5381701,28.0462102
Spain,El Pont De Vilomara,1.8726147,41.7015043
Spain,El Prat De Llobregat,2.0952568,41.3246333
Spain,El Pueyo De Araguas,0.1617435,42.4412864
Spain,El Rio,-6.9967683,43.3059789
Spain,Elche,-0.6988391,38.2653307
Spain,Elciego,-2.6181739,42.5153808
Spain,Elda,-0.7956759,38.4789671
Spain,Els Monjos,1.6623519,41.3213389
Spain,Els Torms,0.7200786,41.3945871
Spain,Eltziego,-2.6181739,42.5153808
Spain,Erandio,-2.9729697,43.3055981
Spain,Errenteria,-1.8992856,43.3150168
Spain,Escatron,-0.3249532,41.2870705
Spain,Espiel,-5.0189717,38.1885533
Spain,Estacion Ferrea,-5.432099,36.214747
Spain,Fabero,-6.6249887,42.7680405
Spain,Ferrol,-8.2329968,43.4845713
Spain,Figols,1.8366637,42.1809467
Spain,Foz Calanda,-0.2665925,40.922231
Spain,Fuenlabrada,-3.7923422,40.282476
Spain,Funes,-1.8030376,42.3140552
Spain,Galilea,-2.2370324,42.3475858
Spain,Gallarta,-3.0742767,43.3150471
Spain,Gandia,-0.1803423,38.9675925
Spain,Gava,2.0063126,41.3050933
Spain,Getafe,-3.7331808,40.3070639
Spain,Getxo,-3.0087671,43.3479409
Spain,Gijon,-5.66275,43.5449422
Spain,Ginebrosa,-0.9575846,41.3146735
Spain,Girona,2.8199439,41.9793006
Spain,Granada,-3.5995337,37.1734995
Spain,Granadilla,-6.1060574,40.2680974
Spain,Granollers,2.2876008,41.6079555
Spain,Guadalajara,-3.1646067,40.6326979
Spain,Guadalix De La Sierra,-3.7007794,40.7822384
Spain,Guardo,-4.846288,42.7895455
Spain,Guillena,-6.057052,37.5464709
Spain,Hernani,-1.9747419,43.2661107
Spain,Hijar,-0.4515985,41.1747377
Spain,Huelva,-6.9484945,37.2575874
Spain,Huesca,-0.4365837,42.1363786
Spain,Igualada,1.617346,41.5790182
Spain,Illescas,-3.8492688,40.1248436
Spain,Jaen,-3.7883289000000002,37.7728858
Spain,Jerez De La Frontera,-6.1377402,36.6816936
Spain,L Alcora,-0.2142146,40.0746619
Spain,L'alcora,-0.2142146,40.0746619
Spain,L'ametlla De Mar,0.800957,40.8838957
Spain,L'hospitalet De Llobregat,2.0997927,41.3598601
Spain,La Aljorra,-1.0861155,37.6941428
Spain,La Cerollera,-0.0550066,40.8399171
Spain,La Coruna,-8.3959425,43.3709703
Spain,La Linea De La Concepcion,-5.3482396,36.1677899
Spain,La Magina,1.9913771,41.4134457
Spain,La Rapita,0.5885016,40.6178149
Spain,La Robla,-5.6292227,42.8029091
Spain,Lalastra,-3.229937,42.8758814
Spain,Langreo,-5.683431,43.2950131
Spain,Lantaron,-2.9942274,42.7478259
Spain,Laracha,-8.5816182,43.2484663
Spain,Las Palmas,-16.164259,28.5849461
Spain,Las Palmas Gran Canaria,-15.4349015,28.1288694
Spain,Laudio,-2.975054,43.1426072
Spain,Laza,-7.4612117,42.0604757
Spain,Leganes,-3.76527,40.3281942
Spain,Lemoa,-2.7788097,43.2098775
Spain,Leon,-5.5682413,42.5989995
Spain,Les Cases D'alcanar,0.5306608,40.552856
Spain,Les Tres Cales,0.8096922,40.9085251
Spain,Lillo Del Bierzo,-6.6110961,42.7835464
Spain,Linea De La Concepcion,-5.3482396,36.1677899
Spain,Llanes,-4.7530835,43.4211205
Spain,Lleida,0.6267842,41.6147605
Spain,Llodio,-2.975054,43.1426072
Spain,Logrono,-2.4396676,42.4661196
Spain,Lorca,-1.6988592,37.6711989
Spain,Los Barrios,-5.4933701,36.1853519
Spain,Los Corrales De Buelna,-4.0667653,43.2619686
Spain,Los Realejos,-16.5849882,28.3499703
Spain,Los Sauces,-17.7740713,28.803261
Spain,Los Tojos,-4.2537967,43.1543884
Spain,Lousame,-8.8329571,42.7733607
Spain,Lucena Del Puerto,-6.7284528,37.3035671
Spain,Lugo,-7.5908294,42.9913123
Spain,Lugones,-5.810479,43.4027677
Spain,Madrid,-3.7035825,40.4167047
Spain,Mahon,4.2662071,39.8894922
Spain,Mairena Del Aljarafe,-6.0606771,37.3444908
Spain,Majadahonda,-3.8723542,40.4728425
Spain,Malaga,-4.4216366,36.7213028
Spain,Manlleu,2.2841159,41.9999811
Spain,Manresa,1.8286765,41.7288939
Spain,Mao,4.2662071,39.8894922
Spain,Marbella,-4.88562,36.508976
Spain,Martorell,1.9283971,41.4769177
Spain,Mas De Las Matas,-0.2417955,40.8330753
Spain,Mataro,2.4448926,41.5398348
Spain,Medina De Pomar,-3.4861165,42.9322092
Spain,Medina Del Campo,-4.9150256,41.3085496
Spain,Merida,-6.3443977,38.9174665
Spain,Mieres,-5.769932,43.2349958
Spain,Mimetiz,-3.1310611,43.2138339
Spain,Mino,-8.1792627,43.3578653
Spain,Miranda De Ebro,-2.9478451,42.6855632
Spain,Moguer,-6.8373527,37.2746182
Spain,Mojacar,-1.8510071,37.1402087
Spain,Mollet Del Valles,2.2130934,41.5393484
Spain,Montalban,-0.7990373,40.8332985
Spain,Montcada I Reixac,2.1869985,41.4823115
Spain,Montseny,2.3952061,41.7593697
Spain,Monzon,0.1930705,41.9137506
Spain,Morella,-0.0998026,40.6188277
Spain,Mostoles,-3.8649214,40.3238525
Spain,Motril,-3.5207655,36.7450888
Spain,Mundaka,-2.6992833,43.407824
Spain,Muras,-7.7297943,43.4677732
Spain,Murcia,-1.1305431,37.9923795
Spain,Muriel De La Fuente,-2.8613848,41.7244272
Spain,Muskiz,-3.1243029,43.3230375
Spain,Navarra,0.0316563,42.54084
Spain,Neda,-8.1582467,43.5002779
Spain,Niebla,-6.6793495,37.3609544
Spain,Nijar,-2.2063758,36.962894
Spain,Noia,-8.8877375,42.7850763
Spain,Nou De Bergueda,1.8850367,42.1666467
Spain,Obejo,-4.8000174,38.1325555
Spain,Ogijares,-3.6069199,37.1200092
Spain,Oliva De Plasencia,-6.0860042,40.1119485
Spain,Onda,-0.2593846,39.9621514
Spain,Ordes,-8.407816,43.076756
Spain,Orusco De Tajuna,-3.2096521,40.2853409
Spain,Oural,-8.3555732,42.8030188
Spain,Ourense,-7.8571792,42.3438932
Spain,Ourol,-7.6425182,43.5640334
Spain,Oviedo,-5.8483581,43.3618625
Spain,Palencia,-4.5328735,42.0108856
Spain,Palma,2.6500745,39.5695818
Spain,Palma De Mallorca,2.6500745,39.5695818
Spain,Palmas De Gran Canaria,-15.4349015,28.1288694
Spain,Palmones,-5.4356606,36.1752407
Spain,Palomar De Arroyos,-0.7502131,40.7796665
Spain,Palos De La Frontera,-6.895393,37.2276501
Spain,Pamplona,-1.6522353,42.815686
Spain,Pastoriza,-7.372277,43.2951144
Spain,Paterna,-0.4421014,39.5039227
Spain,Patones,-3.483954,40.8548194
Spain,Penausende,-5.8667465,41.2873276
Spain,Perafort,1.2564332,41.1914523
Spain,Pinoso,-1.041617,38.4021056
Spain,Pobla,1.9749329,42.2437379
Spain,Pobla De Benifassa,0.1566012,40.6563297
Spain,Poio,-8.6921884,42.4419456
Spain,Pollenca,3.0157098,39.8792073
Spain,Ponferrada,-6.5938719,42.5454124
Spain,Pont De Vilomara I Rocafort,1.9076394,41.7049589
Spain,Pontecesures,-8.6438448,42.7169942
Spain,Pontes De Garcia Rodriguez,-7.8530971,43.4501237
Spain,Pontevedra,-8.6431592,42.4318876
Spain,Port De Sagunt,-0.2208575,39.6631732
Spain,Portugalete,-3.0199529,43.3191292
Spain,Pradejon,-2.0688783,42.3343295
Spain,Prado Del Rey,-5.5572276,36.7879415
Spain,Prat De Llobregat,2.0952568,41.3246333
Spain,Puebla De Sancho Perez,-6.399336,38.3960293
Spain,Puerto Del Rosario,-13.8599051,28.4993424
Spain,Puerto Real,-6.1902161,36.5286856
Spain,Puertollano,-4.1111749,38.6852161
Spain,Pueyo De Araguas,0.1617435,42.4412864
Spain,Puig Moreno,-0.2665457,41.1242559
Spain,Punta Umbria,-6.9662203,37.1830237
Spain,Quart De Poblet,-0.4438854,39.4827253
Spain,Realejos,-16.5849882,28.3499703
Spain,Reinosa,-4.1378363,43.0010076
Spain,Reus,1.1076133,41.1555564
Spain,Rivas-Vaciamadrid,-3.5310879,40.3536054
Spain,Robla,-5.6292227,42.8029091
Spain,Rubi,2.0319476,41.4936194
Spain,Sa Pobla,3.0246803,39.7697409
Spain,Sabadell,2.1138977,41.5421013
Spain,Sagunt,-0.2786451,39.6792916
Spain,Salamanca,-5.6640182,40.9651572
Spain,Salinas,-0.913229,38.519755
Spain,San Andres Y Sauces,-17.7932029,28.7810668
Spain,San Bartolome De Tirajana,-15.5729983,27.9252512
Spain,San Fernando,-6.1983492,36.4646672
Spain,San Isidro,-0.8387399,38.1707587
Spain,San Jorge,0.331352,40.5087496
Spain,San Juan Del Puerto,-6.8407764,37.3142155
Spain,San Martin De Valdeiglesias,-4.3986503,40.3625
Spain,San Martin Del Rey Aurelio,-5.6039826,43.2752687
Spain,San Nicolas Del Puerto,-5.6527851,37.9950338
Spain,San Pablo De Los Montes,-4.3316718,39.5409163
Spain,San Roque,-5.3868293,36.210058600000004
Spain,San Sadurnino,-8.0531845,43.5310797
Spain,San Sebastian De La Gomera,-17.1110077,28.0910382
Spain,San Sebastian Donostia,-1.9838889,43.3224219
Spain,Sanguesa,-1.2541073,42.5646889
Spain,Sant Adria De Besos,2.2182775,41.4304832
Spain,Sant Andreu De La Barca,1.9719416,41.4499648
Spain,Sant Antoni De Portmany,1.3009485,38.9830568
Spain,Sant Celoni,2.4914526,41.6895041
Spain,Sant Cugat Del Valles,2.0817809,41.4728432
Spain,Sant Esteve De La Sarga,0.7640458,42.0798949
Spain,Sant Feliu De Llobregat,2.0446381,41.3812851
Spain,Sant Just Desvern,2.0750677,41.3815832
Spain,Sant Salvador,1.2416248,41.1617816
Spain,Sant Vicenc Dels Horts,2.0099482,41.3934193
Spain,Santa Coloma De Gramenet,2.2083371,41.4515626
Spain,Santa Cruz De La Palma,-17.7663354,28.6818901
Spain,Santa Cruz De Tenerife,-16.2507843,28.467178
Spain,Santa Eulalia Del Rio,1.534421,38.9846117
Spain,Santa Lucia De Tirajana,-15.5405202,27.9115471
Spain,Santa Margarida I Els Monjos,1.6623519,41.3213389
Spain,Santa Perpetua De Mogoda,2.1823309,41.5328106
Spain,Santander,-3.8100255,43.4618932
Spain,Santiago De Compostela,-8.5458608,42.8804219
Spain,Sarinena,-0.156421,41.7931992
Spain,Sastago,-0.3455744,41.3233679
Spain,Savinao,-7.3040797,43.1814353
Spain,Segovia,-4.1172101,40.9481192
Spain,Sevilla,-5.9953403,37.3886303
Spain,Siero,-5.6357024,43.3952982
Spain,Sitges,1.8228136,41.2366707
Spain,Sondika,-2.9272819,43.2979405
Spain,Soria,-2.4642041,41.7633842
Spain,Talavera De La Reina,-4.8311717,39.9603798
Spain,Tarragona,1.2546057,41.1172364
Spain,Teguise,-13.5602184,29.0592518
Spain,Telde,-15.4166761,27.9984538
Spain,Terrassa,2.0100492,41.5629623
Spain,Teruel,-1.1081939,40.3436719
Spain,Tojos,-4.2537967,43.1543884
Spain,Toledo,-4.0239568,39.8560679
Spain,Tolosa,-2.0723558,43.1386097
Spain,Tona,2.2280115,41.8538039
Spain,Tordoia,-8.5471339,43.0871726
Spain,Toril,-5.7805381,39.8973513
Spain,Torms,0.7200786,41.3945871
Spain,Torredonjimeno,-3.9511024,37.7610096
Spain,Torrejon De Ardoz,-3.4793343,40.4587767
Spain,Torrelavega,-4.0515082,43.3487303
Spain,Torrevelilla,-0.1090104,40.9022102
Spain,Torrevieja,-0.6828446,37.9775416
Spain,Traslodeiro,-7.4528013,42.7251644
Spain,Tudela,-1.6053391,42.063972
Spain,Utrillas,-0.8438735,40.8127979
Spain,Valdegovia,-3.0610155,42.8555874
Spain,Valdemoro,-3.67143,40.1888604
Spain,Valencia,-0.3763353,39.4697065
Spain,Valladolid,-4.728605,41.6521807
Spain,Vallcebre,1.818818,42.2036044
Spain,Vallibona,0.0465541,40.6030803
Spain,Valverde,-17.9151468,27.809685
Spain,Vandellos,0.8493534,40.9985238
Spain,Venta De Banos,-4.4931598,41.9206919
Spain,Venta Gaspar,-2.3858964,36.8684843
Spain,Vigo,-8.7247205,42.2376602
Spain,Vila Seca,1.144961,41.1109268
Spain,Viladecans,2.0156034,41.3163083
Spain,Vilafranca Del Penedes,1.6995213,41.3463825
Spain,Vilalba,-7.6787671,43.2962819
Spain,Vilanova I La Geltru,1.7256327,41.2241992
Spain,Villa De Valverde,-17.9151468,27.809685
Spain,Villa Del Prado,-4.3048032,40.2764752
Spain,Villafranca Del Cid,-0.2568115,40.4274871
Spain,Villaharta,-4.9037865,38.1400552
Spain,Villalba De Guardo,-4.8234443,42.7217174
Spain,Villanueva Del Arzobispo,-3.0078293,38.1685887
Spain,Villar Del Arzobispo,-0.8273481,39.7337011
Spain,Villarejo De Salvanes,-3.2738764,40.1683582
Spain,Vinaros,0.4746076,40.4703992
Spain,Vitoria,-2.6724025,42.8465088
Spain,Vitoria-Gasteiz,-2.6724025,42.8465088
Spain,Viver,-0.5982244,39.9212618
Spain,Viznar,-3.5539201,37.2312071
Spain,Xove,-7.5115144,43.6851765
Spain,Zafra,-6.4193627,38.4253489
Spain,Zalla,-3.1418687,43.2075112
Spain,Zamora,-5.744755,41.5056332
Spain,Zaragoza,-0.8809428,41.6521342
Spain,Zarra,-1.0751647,39.091467
Spain,Zona De Los Principes,-6.888586,37.2233981
Spain,Zorita Del Maestrazgo,-0.166284,40.7287128
Sri Lanka,Colombo,79.8542005,6.9388614
Sweden,Akarp,13.1085165,55.652321
Sweden,Almhult,14.116667,56.55
Sweden,Alvesta,14.4998825,56.9166599
Sweden,Arlov,13.0777501,55.6378013
Sweden,Arvika,12.65,59.766667
Sweden,Aseda,15.3523648,57.1693551
Sweden,Boden,21.6964105,65.8275004
Sweden,Boras,12.9407407,57.721083900000004
Sweden,Borlange,15.4234561,60.4856426
Sweden,Bredkalen,15.3278149,63.8425649
Sweden,Bromma,17.9395411,59.339769
Sweden,Burgsvik,18.2766964,57.0332117
Sweden,Charlottenberg,12.3049207,59.8839607
Sweden,Djursholm,18.0880625,59.3973535
Sweden,Eskilstuna,16.5051474,59.3717379
Sweden,Falkoping,13.5542412,58.1695083
Sweden,Falun,15.6323059,60.6070068
Sweden,Gavle,17.1467019,60.6750132
Sweden,Goteborg,11.9670171,57.7072326
Sweden,Gothenburg,11.9670171,57.7072326
Sweden,Halmstad,12.8574827,56.6739826
Sweden,Hedemora,15.988540800000001,60.2777918
Sweden,Helsingborg,12.703706,56.0442098
Sweden,Hoganas,12.566667,56.2
Sweden,Johannishus,15.4205483,56.2268578
Sweden,Jonkoping,14.165719,57.7825634
Sweden,Karlshamn,14.8631279,56.1701723
Sweden,Karlskrona,15.5866422,56.1621073
Sweden,Karlstad,13.5027631,59.3809146
Sweden,Kil,13.1834033,59.5699797
Sweden,Kiruna,19.5,68.166667
Sweden,Kisa,15.622841,57.9875021
Sweden,Klaverod,13.1589168,56.0367136
Sweden,Kristianstad,14.1566859,56.0293778
Sweden,Kristinehamn,14.11176,59.3113619
Sweden,Landskrona,12.8296734,55.8698007
Sweden,Lidingö,18.1820897,59.3669445
Sweden,Linkoping,15.6245252,58.4098135
Sweden,Ljungby,13.933333,56.85
Sweden,Lulea,22.1459535,65.5831187
Sweden,Lund,13.1929449,55.7029296
Sweden,Malmberget,20.6589359,67.1761182
Sweden,Malmo,13.0001566,55.6052931
Sweden,Mariestad,13.8228754,58.7093225
Sweden,Markaryd,13.6,56.55
Sweden,Molndal,12.0153085,57.6564918
Sweden,Mora,14.5442519,61.0086787
Sweden,Motala,15.041261,58.5420395
Sweden,Norrkoping,16.1903511,58.5909124
Sweden,Norsborg,17.8048891,59.2511425
Sweden,Olofstrom,14.5161735,56.3014882
Sweden,Onsala,12.0302702,57.4272188
Sweden,Orebro,15.2151181,59.2747287
Sweden,Ornskoldsvik,18.7160209,63.2888613
Sweden,Pitea,21.4900252,65.3134652
Sweden,Riddarhyttan,15.5385979,59.8086479
Sweden,Rodeby,15.6171754,56.2612021
Sweden,Ronneby,15.283333,56.3
Sweden,Saffle,12.85,59.116667
Sweden,Skelleftea,20.959339,64.7520185
Sweden,Skoghall,13.4701864,59.3238493
Sweden,Sodertalje,17.6271663,59.1964289
Sweden,Sollentuna,17.9500556,59.4293164
Sweden,Solna,18.0095859,59.3696032
Sweden,Solvesborg,14.5871906,56.0506535
Sweden,Staffanstorp,13.2,55.65
Sweden,Stockholm,18.0710935,59.3251172
Sweden,Sundsvall,17.3071024,62.3907552
Sweden,Sunne,13.15,59.85
Sweden,Tingsryd,14.966667,56.533333
Sweden,Torsby,13.083333,60.5
Sweden,Trelleborg,13.1461522,55.37592
Sweden,Tystberga,17.234324,58.8493482
Sweden,Ulricehamn,13.4130426,57.7913848
Sweden,Umea,20.2630745,63.8256568
Sweden,Uppsala,17.6387436,59.8586126
Sweden,Vasteras,16.5463679,59.6110992
Sweden,Vastervik,16.6385035,57.7594186
Sweden,Vaxjo,14.8094385,56.8787183
Sweden,Visby,18.297982,57.6379361
Sweden,Växjö,14.8094385,56.8787183
Sweden,Ystad,13.8201171,55.4295203
Sweden,Ytterby,11.9178422,57.8620261
Sweden,Älgarås,14.252111,58.8135098
Switzerland,Aadorf,8.9029526,47.4915782
Switzerland,Aarau,8.0444448,47.3927146
Switzerland,Aigle,6.9688929,46.3179006
Switzerland,Airolo,8.6086045,46.5290309
Switzerland,Altdorf,8.6413922,46.8820732
Switzerland,Anieres,6.2237615,46.2760987
Switzerland,Arbon,9.4304026,47.5149257
Switzerland,Avully,6.0013516,46.1695458
Switzerland,Baden,8.3086822,47.4736827
Switzerland,Basel,7.5878261,47.5581077
Switzerland,Bern,7.4521749,46.9484742
Switzerland,Beromunster,8.1924386,47.2076373
Switzerland,Bevaix,6.8105995,46.9297213
Switzerland,Biberist,7.5626086,47.1810605
Switzerland,Biel,7.2439029,47.1402077
Switzerland,Binningen,7.570077,47.53656
Switzerland,Bioggio,8.9076167,46.0141052
Switzerland,Bodio,9.1190026,46.3312188
Switzerland,Brigerbad,7.9183751000000004,46.2997362
Switzerland,Brione,8.7908609,46.2963757
Switzerland,Bulle,7.0581152,46.6190969
Switzerland,Bussigny,6.553745,46.5512503
Switzerland,Cadenazzo,8.9458762,46.1509953
Switzerland,Camignolo,8.9347603,46.1056275
Switzerland,Castaneda,9.1399887,46.2580048
Switzerland,Chaumont,6.9560846,47.0304744
Switzerland,Chiasso,9.0290169,45.8355209
Switzerland,Chur,9.5264904,46.854747
Switzerland,Comano,8.9533252,46.0380727
Switzerland,Cornaux,7.0188056,47.0383306
Switzerland,Davos,9.8236892,46.796198
Switzerland,Delemont,7.354445,47.3615882
Switzerland,Dornach,7.6176609,47.4806097
Switzerland,Dubendorf,8.6185666,47.3969942
Switzerland,Ebikon,8.338521,47.0812067
Switzerland,Egerkingen,7.7947889,47.3225009
Switzerland,Eggerberg,7.8780148,46.3064931
Switzerland,Engelberg,8.4043996,46.8223497
Switzerland,Epalinges,6.6726245,46.547327
Switzerland,Erstfeld,8.6499636,46.8215088
Switzerland,Evionnaz,7.0225695,46.1794464
Switzerland,Frauenfeld,8.8963347,47.5561915
Switzerland,Fribourg,7.1612669,46.8055656
Switzerland,Frutigen,7.6444369,46.5874205
Switzerland,Geneve,6.1466014,46.2017559
Switzerland,Giubiasco,9.0134077,46.1739158
Switzerland,Glarus,9.0674041,47.0422116
Switzerland,Grabs,9.4446312,47.1816557
Switzerland,Grenchen,7.3967199,47.1911495
Switzerland,Harkingen,7.815973,47.3069637
Switzerland,Heiden,9.532089,47.4421715
Switzerland,Horgen,8.5976831,47.260692
Switzerland,Ittigen,7.4815213,46.9790726
Switzerland,Kussnacht,8.4386308,47.08385
Switzerland,La Chaux,6.472555,46.61604
Switzerland,Lageren,9.11036,47.021734
Switzerland,Langenthal,7.788786,47.2116019
Switzerland,Lausanne,6.6327025,46.5218269
Switzerland,Le Landeron,7.0702155,47.0554312
Switzerland,Le Locle,6.745454,47.0555907
Switzerland,Les Giettes,6.9623515,46.2253702
Switzerland,Liestal,7.7347783,47.4839723
Switzerland,Locarno,8.7954859,46.1695739
Switzerland,Lugano,8.9520281,46.0050102
Switzerland,Luzern,8.3054682,47.0505452
Switzerland,Magadino,8.8559472,46.1474272
Switzerland,Massongex,6.9879674,46.2427711
Switzerland,Mendrisio,8.9875293,45.8709661
Switzerland,Mesocco,9.2325189,46.392173
Switzerland,Meyrin,6.0712016,46.2283226
Switzerland,Moleno,8.9938875,46.2688501
Switzerland,Montana,7.4823938,46.3125537
Switzerland,Montreux,6.9129921,46.4310831
Switzerland,Morges,6.498317,46.5093268
Switzerland,Muttenz,7.6477401,47.525113
Switzerland,Neuchatel,6.9292641,46.9895828
Switzerland,Neuhausen,8.6197347,47.6811644
Switzerland,Nyon,6.2402791,46.3820585
Switzerland,Olten,7.903787,47.3496571
Switzerland,Opfikon,8.5779983,47.4322671
Switzerland,Payerne,6.939126,46.8208047
Switzerland,Porrentruy,7.0761342,47.4171297
Switzerland,Rapperswil,8.8164042,47.2266532
Switzerland,Reiden,7.9730383,47.2460194
Switzerland,Rigi,9.1533273,46.9798818
Switzerland,Rothenbrunnen,9.4273397,46.7684054
Switzerland,Roveredo,9.1249754,46.2349007
Switzerland,Saignelegier,6.9963585,47.2557997
Switzerland,San Vittore,9.1061939,46.2389723
Switzerland,Saxon,7.1807405,46.1452873
Switzerland,Schleinikon,8.3971872,47.4971908
Switzerland,Schlieren,8.4444861,47.3965147
Switzerland,Schonenbuch,7.5019867,47.5372962
Switzerland,Schupfart,7.9657804,47.5145465
Switzerland,Schwyz,8.6535598,47.0211848
Switzerland,Sion,7.3588795,46.2311749
Switzerland,Sissach,7.8125639,47.4634767
Switzerland,Sisseln,7.989416,47.5534624
Switzerland,Solothurn,7.5384045,47.2081355
Switzerland,St Gallen,9.3762397,47.425618
Switzerland,Stans,8.3661026,46.9570611
Switzerland,Suhr,8.079534,47.373166
Switzerland,Sursee,8.1067781,47.1725301
Switzerland,Tanikon,8.9064928,47.4791481
Switzerland,Thonex,6.1983858,46.1884304
Switzerland,Thun,7.628086,46.7582827
Switzerland,Turtmann,7.7017415,46.3011208
Switzerland,Wald,7.4605805,46.8801804
Switzerland,Weerswilen,9.1338506,47.5747153
Switzerland,Weinfelden,9.1097539,47.5669187
Switzerland,Winterthur,8.7291498,47.4991723
Switzerland,Yverdon,6.6409158,46.7785711
Switzerland,Zug,8.5173652,47.1679898
Switzerland,Zurich,8.5410422,47.3744489
Tajikistan,Dushanbe,68.760331,38.5856814
Tanzania,Dar Es Salaam,39.2803583,-6.8160837
Tanzania,Morogoro,37.6693891,-6.8161626
Thailand,Ayutthaya,100.5645684,14.3535427
Thailand,Bang Kruai,100.4773195,13.8027856
Thailand,Bangkok,100.4935089,13.7524938
Thailand,Chachoengsao,101.0708268,13.6891784
Thailand,Chiang Mai,98.9858802,18.7882778
Thailand,Chon Buri,100.9872185,13.3662087
Thailand,Kanchanaburi,99.5323173,14.0227073
Thailand,Khlong Luang,100.6454621,14.0650298
Thailand,Khon Kaen,102.8355904,16.4303916
Thailand,Krathum Baen,100.2670884,13.6553127
Thailand,Lampang,99.4958526,18.2899489
Thailand,Lamphun,99.0069034,18.5776383
Thailand,Loei,101.7286456,17.490375
Thailand,Mae Hong Son,97.9666073,19.3015068
Thailand,Nakhon Pathom,100.0639917,13.8190071
Thailand,Nakhon Ratchasima,102.0981161,14.9747339
Thailand,Nakhon Sawan,100.1330046,15.705783
Thailand,Nan,100.773732,18.7778874
Thailand,Narathiwat,101.8228923,6.4350352
Thailand,Nonthaburi,100.4937886,13.8428962
Thailand,Pak Kret,100.4974327,13.9120701
Thailand,Pathum Thani,100.5340426,14.0203964
Thailand,Phayao,99.9019423,19.1666313
Thailand,Phra Nakhon Si Ayutthaya,100.5645684,14.3535427
Thailand,Phra Pradaeng,100.5338323,13.6591779
Thailand,Phrae,100.1425639,18.14177
Thailand,Phuket,98.3891503,7.8847901
Thailand,Prachin Buri,101.3724276,14.0541467
Thailand,Ratchaburi,99.8197035,13.539067
Thailand,Rayong,101.277765,12.6817905
Thailand,Sa Kaeo,102.0702537,13.8194901
Thailand,Samut Prakan,100.5966707,13.5949486
Thailand,Samut Sakhon,100.2742813,13.5497782
Thailand,Saraburi,100.9160757,14.5249471
Thailand,Satun,100.0664441,6.6151578
Thailand,Songkhla,100.593205,7.1973429
Thailand,Surat Thani,99.3241347,9.1404136
Thailand,Tak,99.1248355,16.8722576
Thailand,Yala,101.2902517,6.5567245
Trinidad & Tobago,Point Lisas,-61.4828808,10.3993799
Trinidad & Tobago,Port Of Spain,-61.5180173,10.6572678
Tunisia,Ben Arous,10.2245072,36.7516855
Tunisia,Bizerte,9.8708565,37.2720905
Tunisia,Sfax,10.7604024,34.7394361
Tunisia,Sousse,10.6405254,35.8288284
Tunisia,Tunis,10.1857757,36.8002068
Turkey,Adana,35.3252861,36.9863599
Turkey,Adiyaman,38.2772986,37.7602985
Turkey,Adnan Menderes,27.7385473,38.0966392
Turkey,Afyon,30.5387044,38.7568597
Turkey,Afyonkarahisar,30.5387044,38.7568597
Turkey,Agri,43.0504894,39.719125
Turkey,Ahmet Vefik Paşa,29.2020464,40.2015266
Turkey,Aksaray,34.026907,38.3705416
Turkey,Akıncılar,32.309421,41.517376
Turkey,Amasya,35.8329148,40.6503248
Turkey,Ankara,32.8540497,39.9207759
Turkey,Antalya,30.7030242,36.8865728
Turkey,Aralik,41.7399265,41.3976315
Turkey,Ardahan,42.7035585,41.1102966
Turkey,Ardesen,40.9894178,41.191875
Turkey,Artvin,41.8287448,41.1830811
Turkey,Ataturk,35.4644894,41.1353568
Turkey,Avcılar,28.7216689,40.9799389
Turkey,Aydin,27.8435878,37.8483767
Turkey,Bagcilar,28.8567558,41.034547
Turkey,Balikesir,27.8879787,39.6473917
Turkey,Bandirma,27.9697603,40.3554705
Turkey,Bartin,32.3366205,41.6350461
Turkey,Batman,41.1277565,37.8835738
Turkey,Battalgazi,38.3654977,38.4250492
Turkey,Bayburt,40.2205036,40.2551608
Turkey,Bilecik,29.9752911,40.1435101
Turkey,Bingol,40.4972333,38.8861265
Turkey,Bitlis,42.1084568,38.4020539
Turkey,Bolu,31.6110479,40.7332953
Turkey,Burdur,30.2887286,37.7248394
Turkey,Bursa,29.0675039,40.1825734
Turkey,Canakkale,26.4028892,40.146271
Turkey,Cankiri,33.6212704,40.5971947
Turkey,Cayirova,29.381513,40.8336901
Turkey,Cerkezkoy,27.999468,41.2862482
Turkey,Cigli,27.0624484,38.4938679
Turkey,Corlu,27.8041066,41.1590875
Turkey,Corum,34.9537362,40.5498762
Turkey,Cubuk,33.028947,40.2388964
Turkey,Cumhuriyet Mh.,33.8336418,37.9020166
Turkey,Denizli,29.789462,41.091764
Turkey,Dilovası,29.5260959,40.7756061
Turkey,Diyarbakir,40.2363542,37.9162222
Turkey,Duzce,31.1595361,40.8391531
Turkey,Edirne,26.5587225,41.6759327
Turkey,Elazig,39.2227135,38.6747164
Turkey,Elbistan,37.1903006,38.2022294
Turkey,Emek,35.8318717,37.0405565
Turkey,Erdek,34.7662561,40.6121441
Turkey,Erzincan,39.49103,39.7467552
Turkey,Erzurum,41.2727715,39.90632
Turkey,Eskisehir,30.519116,39.7743941
Turkey,Evliya Çelebi,28.9731508,41.0303999
Turkey,Fatih,28.9479296,41.0192846
Turkey,Fuatpaşa,29.9745636,39.4307201
Turkey,Gaziantep,37.3792617,37.0628317
Turkey,Gazicelal,27.0109383,39.5976995
Turkey,Giresun,38.3847864,40.9174453
Turkey,Gumushane,39.4757339,40.4617844
Turkey,Guzeller,29.4356345,40.8093919
Turkey,Hakkari,43.7377862,37.5766959
Turkey,Hatay,36.1602908,36.2025471
Turkey,Hendek,30.7452727,40.7955034
Turkey,Hilal,27.1573552,38.4245331
Turkey,Hopa,41.4181638,41.3887543
Turkey,Icel,34.6298391,36.7978381
Turkey,Igdir,44.0467957,39.9218784
Turkey,Isparta,30.5545299,37.7631697
Turkey,Istanbul,28.9758715,41.006381
Turkey,Izmir,27.128469,38.4192537
Turkey,Kahramanmaras,36.927509,37.5812744
Turkey,Karabuk,32.6231154,41.1955402
Turkey,Karaman,33.2194554,37.1808502
Turkey,Kars,43.0948497,40.6076749
Turkey,Kastamonu,33.7770087,41.3765359
Turkey,Kayseri,35.4873214,38.7219011
Turkey,Keciören,32.8669801,39.977713
Turkey,Kicikapı,35.4874437,38.7184234
Turkey,Kilis,37.1146069,36.7165552
Turkey,Kirikkale,33.5058536,39.8410483
Turkey,Kirklareli,27.2235523,41.7370223
Turkey,Kirsehir,34.1605587,39.1461142
Turkey,Kocaeli,29.9407361,40.7653892
Turkey,Konya,32.4924376,37.872734
Turkey,Kumköy,33.1152123,41.8854153
Turkey,Kutahya,29.9857886,39.4199106
Turkey,Lapseki,26.6845975,40.3443674
Turkey,Malatya,38.3190674,38.3487153
Turkey,Manisa,27.4333969,38.6125793
Turkey,Mardin,40.7354383,37.3132581
Turkey,Mersin,34.6298391,36.7978381
Turkey,Mimar Sinan,32.8775929,39.9151646
Turkey,Mugla,28.363733,37.2151784
Turkey,Muhittin,27.8103661,41.1528245
Turkey,Mus,41.4898925,38.7322221
Turkey,Nevsehir,34.7150685,38.6250389
Turkey,Nigde,34.6764495,37.969849
Turkey,Ordu,37.8797732,40.9852301
Turkey,Osmaniye,36.2507673,37.0733588
Turkey,Palandoken,41.2705934,39.8869983
Turkey,Pasinler,41.674491,39.9773129
Turkey,Rize,40.5199142,41.0248249
Turkey,Sakarya,30.4038575,40.7726291
Turkey,Samsun,36.3320596,41.2946149
Turkey,Sanliurfa,38.791929,37.1596239
Turkey,Sarıgul,38.9203216,38.6003051
Turkey,Sarıyer,29.0572623,41.1685803
Turkey,Seferihisar,26.8384935,38.1953539
Turkey,Siirt,41.94218,37.9273623
Turkey,Sinop,35.1511512,42.0265798
Turkey,Sinop Merkez,35.1511512,42.0265798
Turkey,Sirnak,42.4570311,37.5219577
Turkey,Sivas,37.0145173,39.7503574
Turkey,Smirne,27.128469,38.4192537
Turkey,Sultan Ahmet,28.9769087,41.0041141
Turkey,Tekirdag,27.5107799,40.9781214
Turkey,Terakki,31.7840049,41.4505046
Turkey,Tokat,36.552162,40.3233534
Turkey,Trabzon,39.7301463,41.0054605
Turkey,Tunceli,39.5482693,39.1060641
Turkey,Ulubey,37.7585422,40.8730342
Turkey,Urfa,38.791929,37.1596239
Turkey,Usak,29.4058419,38.6740401
Turkey,Uskudar,29.0151321,41.0265498
Turkey,Uğur Mumcu,27.0817541,38.6035699
Turkey,Van,43.3946051,38.500875
Turkey,Vize,27.7670379,41.5728684
Turkey,Yalova,29.2699916,40.6582529
Turkey,Yatagan,28.1395113,37.3416697
Turkey,Yaylacık,41.079601,40.366512
Turkey,Yozgat,34.8080972,39.8221974
Turkey,Zonguldak,31.7919867,41.4506981
Turkey,İstasyon Mahallesi,39.7565243,38.2607685
Turkey,Şerefiye,27.140257,40.218983
Turkmenistan,Ashgabat,58.2359467,37.9378321
Uganda,Kampala,32.5813539,0.3177137
Ukraine,Kyiv,30.5241361,50.4500336
United Arab Emirates,Abu Dhabi,54.3774014,24.4538352
United Arab Emirates,Ajman,55.4451432,25.3936557
United Arab Emirates,Al Ain,55.7452211,24.2248697
United Arab Emirates,Dubai,55.2924146,25.2647227
United Arab Emirates,Ras Al Khaimah,55.938232,25.7737705
United Arab Emirates,Sharjah,55.4210633,25.3461498
United Arab Emirates,Umm Al Quwain,55.5474977,25.5520435
United Kingdom,Aberdeen,-2.0928095,57.1482429
United Kingdom,Armagh,-6.6540432,54.3481977
United Kingdom,Ballymena,-6.2760159,54.8662966
United Kingdom,Barnsley,-1.4827755,53.5527719
United Kingdom,Barnstaple,-4.0600467,51.0804057
United Kingdom,Bath,-2.3596963,51.3813864
United Kingdom,Belfast,-5.9277097,54.5975805
United Kingdom,Birkenhead,-3.0248007,53.3895177
United Kingdom,Birmingham,-1.9026911,52.4796992
United Kingdom,Blackburn,-2.4840566,53.749326
United Kingdom,Blackpool,-3.0509812,53.8179442
United Kingdom,Bournemouth,-1.8799118,50.7201514
United Kingdom,Bradford,-1.7519186,53.7944229
United Kingdom,Brighton,-0.1400561,50.8214626
United Kingdom,Bristol,-2.5972985,51.4538022
United Kingdom,Burton-On-Trent,-1.629917,52.802742
United Kingdom,Bury,0.7125173,52.2460367
United Kingdom,Cambridge,0.1186637,52.2055314
United Kingdom,Cannock,-2.0324197,52.688227
United Kingdom,Canterbury,1.0802533,51.2800275
United Kingdom,Cardiff,-3.1791934,51.4816546
United Kingdom,Carlisle,-2.9362311,54.8948478
United Kingdom,Chepstow,-2.6766946,51.6409342
United Kingdom,Chesterfield,-1.4264097,53.2352134
United Kingdom,Christchurch,-1.7778853,50.734902
United Kingdom,Coventry,-1.510477,52.4081812
United Kingdom,Crumlin,-3.1404356,51.6781517
United Kingdom,Cwmbran,-3.0208217,51.6536438
United Kingdom,Darwen,-2.4665093,53.6960957
United Kingdom,Derby,-1.4761491,52.9212617
United Kingdom,Derry,-7.3213056,54.9978678
United Kingdom,Didcot,-1.2467923,51.6056908
United Kingdom,Doncaster,-1.1335312,53.5227681
United Kingdom,Dumbarton,-4.5708479,55.9432443
United Kingdom,Dumfries,-3.6106856,55.0691831
United Kingdom,Dundee,-2.97019,56.4605938
United Kingdom,Eastbourne,0.2781546,50.7664372
United Kingdom,Eccles,-2.3375175,53.4840887
United Kingdom,Edinburgh,-3.1883749,55.9533456
United Kingdom,Enniskillen,-7.6389365,54.3448538
United Kingdom,Erith,0.1792322,51.480819
United Kingdom,Exeter,-3.5269209,50.7256138
United Kingdom,Fort William,-5.1109516,56.8178257
United Kingdom,Gillingham,0.5461611,51.3871701
United Kingdom,Glasgow,-4.2501687,55.861155
United Kingdom,Glazebury,-2.4948032,53.4726704
United Kingdom,Grangemouth,-3.7230303,56.0189027
United Kingdom,Grays,0.3233131,51.4780898
United Kingdom,Greenock,-4.7564721,55.9473423
United Kingdom,Harlington,-0.4915687,51.96461
United Kingdom,Hartlepool,-1.2093696,54.6857276
United Kingdom,Honiton,-3.1924599,50.7981119
United Kingdom,Horley,-0.1640754,51.1716895
United Kingdom,Hull,-0.3394758,53.7435722
United Kingdom,Immingham,-0.2136727,53.6159963
United Kingdom,Inverness,-4.225739,57.4790124
United Kingdom,Kingston Upon Hull,-0.3394758,53.7435722
United Kingdom,Langholm,-2.9983313,55.1505895
United Kingdom,Leamington Spa,-1.536404,52.2913394
United Kingdom,Leeds,-1.5437941,53.7974185
United Kingdom,Leicester,-1.1331969,52.6362
United Kingdom,Leominster,-2.7375333,52.2273558
United Kingdom,Lincoln,-0.5404819,53.2293545
United Kingdom,Liverpool,-2.99168,53.4071991
United Kingdom,London,-0.1277653,51.5074456
United Kingdom,Londonderry,-7.3213056,54.9978678
United Kingdom,Luton,-0.4152837,51.8784385
United Kingdom,Manchester,-2.2451148,53.4794892
United Kingdom,Middlesbrough,-1.2344047,54.5760419
United Kingdom,Mold,-3.1414228,53.1666274
United Kingdom,Narberth,-4.7413758,51.805779
United Kingdom,Newcastle Upon Tyne,-1.6131572,54.9738474
United Kingdom,Newport,-2.9974967,51.5882332
United Kingdom,Newton Abbot,-3.6112097,50.5296441
United Kingdom,Northampton,-0.8963639,52.2378853
United Kingdom,Norwich,1.2923954,52.6285576
United Kingdom,Nottingham,-1.1496461,52.9534193
United Kingdom,Oldbury,-2.0163917,52.5039074
United Kingdom,Oxford,-1.2578499,51.7520131
United Kingdom,Peebles,-3.1885456,55.6517553
United Kingdom,Penicuik,-3.2218145,55.827236
United Kingdom,Pickering,-0.7793593,54.2452377
United Kingdom,Plymouth,-4.1424451,50.3714122
United Kingdom,Polegate,0.2446652,50.8276836
United Kingdom,Port Talbot,-3.7824148,51.5952353
United Kingdom,Portsmouth,-1.0906023,50.800031
United Kingdom,Preston,-2.6992717,53.7593363
United Kingdom,Reading,-0.9700664,51.4564242
United Kingdom,Rochester,0.504925,51.3883811
United Kingdom,Royal Leamington Spa,-1.536404,52.2913394
United Kingdom,Salford,-2.2891921,53.4877463
United Kingdom,Saltash,-4.2112226,50.4086702
United Kingdom,Sandwell,-2.0134889,52.5148466
United Kingdom,Sandy,-0.2884193,52.1292288
United Kingdom,Scunthorpe,-0.6450841,53.5922488
United Kingdom,Shaw,-1.3158045,51.4117782
United Kingdom,Sheffield,-1.4702278,53.3806626
United Kingdom,Somerton,-2.7548573,51.06161
United Kingdom,Southampton,-1.404189,50.9025349
United Kingdom,Southend On Sea,0.7128137,51.5388241
United Kingdom,Southend-On-Sea,0.7128137,51.5388241
United Kingdom,Speke,-2.8619817,53.3450988
United Kingdom,Stanford-Le-Hope,0.4252037,51.5138172
United Kingdom,Stanmore,-0.3095111,51.6174205
United Kingdom,Stockbridge,-1.4929702,51.1140854
United Kingdom,Stockton-On-Tees,-1.3129164,54.564094
United Kingdom,Stoke-On-Trent,-2.1812607,53.0162014
United Kingdom,Storrington,-0.45555,50.9184454
United Kingdom,Sunderland,-1.3828727,54.9058512
United Kingdom,Swansea,-3.9459248,51.6195955
United Kingdom,Swindon,-1.7854322,51.5615327
United Kingdom,Teddington,-0.333653,51.4277844
United Kingdom,Telford,-2.4514219,52.6780532
United Kingdom,Thurrock,0.3962817,51.5080169
United Kingdom,Warrington,-2.5943178,53.3899497
United Kingdom,Warwick,-1.5815742,52.2814519
United Kingdom,West Drayton,-0.4662704,51.503513
United Kingdom,Widnes,-2.7283328,53.3646888
United Kingdom,Wigan,-2.6264624,53.5457188
United Kingdom,Willenhall,-2.0534738,52.5847624
United Kingdom,Wirral,-3.0500916,53.3409714
United Kingdom,Worthing,-0.3699697,50.8115402
United Kingdom,Wrexham,-2.9937869,53.0465084
United Kingdom,Wythenshawe,-2.2632079,53.3803596
United Kingdom,York,-1.0815361,53.9590555
United States,Adrian,-84.0373054,41.8975152
United States,Akron,-81.518485,41.083064
United States,Akron Oh,-81.5196355,41.0762833
United States,Albany,-73.754968,42.6511674
United States,Albuquerque Nm,-106.6466276,35.0136443
United States,Allegan,-85.8553031,42.5291989
United States,Allen Park,-83.2107671,42.2595071
United States,Allentown,-75.4712794,40.6022059
United States,Altoona Pa,-78.4321176,40.3640964
United States,"Amarillo, Tx",-101.8499394,35.0977885
United States,Anacortes,-122.6125717,48.516844
United States,Anaheim,-117.911732,33.8347516
United States,Anchorage Ak,-149.4877338,61.5901216
United States,Anderson,-85.6802541,40.1053196
United States,Anthony,-98.0311728,37.1533554
United States,Apple Valley,-93.21772,44.7319094
United States,Appleton Wi,-88.475003,44.240167
United States,Arden-Arcade,-121.3828728,38.5989793
United States,Arnold,-90.3758287,38.4226711
United States,Arroyo Grande,-120.5785796,35.1235374
United States,Ashland,-82.6379387,38.4784144
United States,Atascadero,-120.6707255,35.4894169
United States,Athens,-83.376398,33.9597677
United States,Atlanta,-84.3898151,33.7544657
United States,Atlantic City,-74.4229351,39.3642852
United States,Auburn,-85.4807825,32.6098566
United States,Baltimore,-76.610759,39.2908816
United States,Bangor,-68.7713289,44.8016255
United States,Banning,-116.875289,33.9255685
United States,Bar Harbor,-68.2043361,44.3876378
United States,Battlement Mesa,-108.0083919,39.444497
United States,Bayport,-92.7813238,45.0212648
United States,Beaver Falls,-80.3192295,40.7520097
United States,Bellevue,-122.192337,47.6144219
United States,Bishop,-118.39524,37.363679
United States,Blaine,-93.2349489,45.1607987
United States,Bloomington,-86.5342881,39.1670396
United States,Blue Ash,-84.3782817,39.2320073
United States,Boone,-81.684004,36.2187873
United States,Boston,-71.060511,42.3554334
United States,Boulevard,-116.273629,32.6636712
United States,Bountiful,-111.8804817,40.8894611
United States,Brainerd,-94.2008288,46.3580221
United States,Bremerton,-122.6246836,47.5653663
United States,Bridgeport,-73.1887863,41.1792695
United States,Bristol,-82.1885009,36.5959685
United States,Broadus,-105.40749,45.443881
United States,Brockton,-71.0183787,42.0834335
United States,Bryson City,-83.447381,35.4309291
United States,Burlington,-73.212906,44.4761601
United States,Burlington-South Burlington,-73.1715669,44.4671635
United States,Burns,-119.054413,43.5861256
United States,Calexico,-115.4963754,32.6668134
United States,Cambridge,-71.1040018,42.3656347
United States,Camden,-75.1198911,39.9448402
United States,Candor,-76.3422525,42.2325723
United States,Carlisle,-77.1890783,40.201499
United States,Carmel Valley Village,-121.732447,36.4796839
United States,Casa Grande,-111.7536818,32.8772834
United States,Castle Hayne,-77.8999864,34.3557241
United States,Charleroi,-79.8981035,40.1378499
United States,Charleston,-79.9399309,32.7884363
United States,Chattanooga,-85.3094883,35.0457219
United States,Chester,-75.3557458,39.849557
United States,Chico,-121.8374777,39.7284945
United States,Cincinnati,-84.5124602,39.1014537
United States,Clarksville,-87.3588703,36.5277607
United States,Clearlake,-122.626372,38.9582307
United States,Cleveland,-81.6936772,41.4996574
United States,Cloquet,-92.4613669,46.7217279
United States,Clovis,-103.2050709,34.405472
United States,Cockeysville,-76.6441816,39.481861
United States,Coconut Creek,-80.1789351,26.2517482
United States,Columbia,-81.0352313,34.000754
United States,Columbus,-83.0007065,39.9622601
United States,Colusa,-122.009234,39.2141019
United States,Concord,-71.537476,43.207178
United States,Cornwall,-74.035833,41.434444
United States,Crossett,-91.96297,33.1263899
United States,Dale,-78.9053037,40.3121693
United States,Dallas,-96.7968559,32.7762719
United States,Darrington,-121.603876,48.252261
United States,Davenport,-90.5770967,41.5235808
United States,Davie,-80.2331038,26.0628665
United States,Dayton,-84.1916069,39.7589478
United States,Decatur,-88.9524151,39.8454163
United States,Deer Park,-88.0814651,42.1608585
United States,Delaware City,-75.588815,39.5778901
United States,Denver,-104.984862,39.7392364
United States,Des Moines,-93.6249494,41.5868654
United States,Detroit,-83.046640300000007,42.3315509
United States,Dothan,-85.3934375,31.2237285
United States,Douglas,-82.8498654,31.5088073
United States,Dover,-75.5243682,39.158168
United States,Duluth,-92.1052679,46.7838287
United States,Durham,-78.9018053,35.996653
United States,Dyersburg,-89.3857496,36.0346393
United States,East Brunswick,-74.415984,40.4278841
United States,East Hartford,-72.644512,41.767914
United States,East Highland Park,-77.4069263,37.5809789
United States,East Providence,-71.376257,41.8194081
United States,East Syracuse,-76.0785332,43.0653446
United States,Edgewood,-91.4011118,42.6444914
United States,Elizabethtown,-85.8591285,37.693952
United States,Elko,-115.7630942,40.83269
United States,Emmetsburg,-94.6781897,43.1108076
United States,Erie,-80.0852695,42.1294712
United States,Eugene,-123.0950506,44.0505054
United States,Evansville,-87.5715641,37.970495
United States,Fall River,-71.1546367,41.7010642
United States,Fargo,-96.789821,46.877229
United States,Farrell,-80.496737,41.212279
United States,Fishers,-86.0138729,39.9555928
United States,Flint,-83.6900211,43.0161693
United States,Florence,-87.677251,34.79981
United States,Folsom,-121.176058,38.6779591
United States,Fort Lee,-73.9701382,40.8509333
United States,Fort Payne,-85.7196893,34.4442547
United States,Fort Smith,-94.4265011,35.3880338
United States,Fort Wayne,-85.1386015,41.0799898
United States,Franklin,-86.8689419,35.925206
United States,Freemansburg,-75.345735,40.6264875
United States,Frenchtown,-75.0616084,40.5264167
United States,Fresno,-119.78483,36.7394421
United States,Gainesville,-82.3249846,29.6519684
United States,Galveston,-94.7933252,29.3056996
United States,Garden City,-100.8726618,37.9716898
United States,Gardnerville Ranchos,-119.7419547,38.8958109
United States,Gary,-87.3370646,41.6020962
United States,Gilroy,-121.5631723,37.0065078
United States,Glendale,-118.2478471,34.1469416
United States,Glenpool,-96.008778,35.9553523
United States,Goldsboro,-77.9927651,35.3848841
United States,Goleta,-119.8276389,34.4358295
United States,Gordon,-98.3692161,32.5484637
United States,Grantsville,-81.0959456,38.9234195
United States,Greensboro,-79.7919754,36.0726355
United States,Greensburg,-79.5443274,40.3024514
United States,Greenville,-82.3984882,34.851354
United States,Groton,-72.0462196,41.3454024
United States,Hamilton,-84.5613428,39.3995067
United States,Hanford,-119.6461565,36.3277959
United States,Harriman,-74.1445899,41.308427
United States,Harrisonburg,-78.8688833,38.4493315
United States,Hartford,-72.6908547,41.764582
United States,Haverhill,-71.0767724,42.7777829
United States,Hawaiian Ocean View,-155.776691,19.0920501
United States,Hazard,-83.1933893,37.2489635
United States,Helena,-112.036277,46.5927425
United States,Helena Valley West Central,-112.049355,46.6604993
United States,Henderson,-114.9823566,36.0299427
United States,Hickory,-81.3442915,35.7333312
United States,Hilo,-155.08158,19.7073734
United States,Hobbs,-103.1355302,32.7027017
United States,Hollister,-121.4016021,36.8524545
United States,Homestead,-80.4759905,25.4718946
United States,Honolulu,-157.855676,21.304547
United States,Houston,-95.3676974,29.7589382
United States,Hurricane,-82.0201368,38.4325896
United States,Indianapolis,-86.1583502,39.7683331
United States,Interior Township,-89.0535409,46.462848
United States,Jackson,-90.1830408,32.2998686
United States,Jamesville,-76.896616,35.8112719
United States,Jasper,-93.9965759,30.9201995
United States,Jean,-115.3246198,35.7791819
United States,Jefferson Township,-84.5345208,41.8547927
United States,Jeffersonville,-85.7371604,38.2770227
United States,Jersey City,-74.047455,40.7215682
United States,Joplin,-94.5133385,37.0841838
United States,Juneau,-134.4196751,58.3019613
United States,Kahului,-156.4727118,20.8894101
United States,Kansas City,-94.5781416,39.100105
United States,Kapaa,-159.3191601,22.0747334
United States,Kealakekua,-155.921402,19.517728
United States,Keeler,-86.1666844,42.1128194
United States,Keene,-72.2784264,42.933597
United States,Kemmerer,-110.537711,41.7924606
United States,Kenansville,-77.9622069,34.9623883
United States,Kenner,-90.2417806,29.9942265
United States,Kennesaw,-84.6154897,34.0234337
United States,Kent,-122.2270272,47.3826903
United States,Kihei,-156.4549898,20.7476261
United States,King City,-121.1247365,36.2135291
United States,Kittanning,-79.5219893,40.8164531
United States,Knowlton,-75.027952,40.9303752
United States,Knoxville,-83.9210261,35.9603948
United States,Kokomo,-86.1336351,40.4864444
United States,La Crosse,-91.2514355,43.8122836
United States,Ladue,-90.3806725,38.6497743
United States,Lafayette La,-86.8919011,40.4191229
United States,Lakeland,-81.9498042,28.0394654
United States,Lakeview,-117.1175251,33.8343134
United States,Lakeville,-93.2432791,44.650051
United States,Lamar,-102.620749,38.0872306
United States,Lame Deer,-106.666698,45.6230476
United States,Laredo,-99.5069922,27.5075005
United States,Las Vegas,-115.1484131,36.1674263
United States,Lawrence,-95.2359403,38.9719137
United States,Lawton,-98.3903305,34.6086854
United States,Lewiston,-70.2177099,44.0990717
United States,Lewistown,-109.428213,47.0639275
United States,Lexington,-84.4970393,38.0464066
United States,Lexington-Fayette,-84.4970393,38.0464066
United States,Libby,-115.5558612,48.3883645
United States,Liberty,-94.419079,39.246479
United States,Lincoln Ne,-106.5841838,35.1515608
United States,Live Oak,-98.3334411,29.5628983
United States,Livermore,-121.768053,37.6820583
United States,Logan,-111.834914,41.7313063
United States,Lompoc,-120.4579009,34.6391501
United States,Long Beach,-118.191604,33.7690164
United States,Los Angeles,-118.242766,34.0536909
United States,Louisville,-85.759407,38.2542376
United States,Lumberton,-79.008205,34.6183305
United States,Lynn,-70.9494939,42.466763
United States,Macon,-83.6324022,32.8406946
United States,Madawaska,-68.2359595,47.2840565
United States,Madera,-120.0594685,36.9622745
United States,Malone,-74.295044,44.84881
United States,Manistee,-86.3237448,44.2476682
United States,Marcus Hook,-75.4186608,39.8194467
United States,Maricopa,-119.40095,35.058858
United States,Marshall Mn,-95.7922737,44.4465706
United States,Marysville,-122.1768209,48.0517429
United States,Mason City,-93.2017941,43.1524574
United States,Mccook,-87.8447798,41.7978095
United States,Medford,-71.1061639,42.4184296
United States,Memphis,-90.0517638,35.1460249
United States,Mena,-94.2376664,34.5837324
United States,Merced,-120.4843269,37.3029568
United States,Mesa,-111.831455,33.4151005
United States,Miami,-80.19362,25.7741728
United States,Milton,-71.065573,42.2501425
United States,Minneapolis,-93.2654692,44.9772995
United States,Mira Loma,-117.5227325,33.9863913
United States,Mobile,-88.0437509,30.6913462
United States,Mobile Al,-118.0570512,36.5896988
United States,Mojave,-118.1739645,35.0524699
United States,Monroe,-92.116219,32.5025471
United States,Moore,-97.4867045,35.3383254
United States,Mountain View,-122.0832101,37.3893889
United States,Mountlake Terrace,-122.3066395,47.7909667
United States,Muncie,-85.3865271,40.1936892
United States,Napa,-122.2855293,38.2971367
United States,Nashville,-86.7742984,36.1622767
United States,New Albany,-85.8241312,38.2856247
United States,New Haven,-72.9250518,41.3082138
United States,New York,-74.0060152,40.7127281
United States,Newark,-74.1723667,40.735657
United States,Newport,-71.3137707,41.4899827
United States,Nipomo,-120.475998,35.0427547
United States,Norristown,-75.3433705,40.1148787
United States,North Charleston,-79.9748103,32.8546197
United States,North Las Vegas,-115.1214745,36.2005191
United States,North Laurel,-76.8478388,39.1153702
United States,North Little Rock,-92.2670941,34.769536
United States,Oakland,-122.271356,37.8044557
United States,Ogden,-111.9738429,41.2230048
United States,Ojai,-119.242889,34.4480495
United States,Oklahoma City,-97.5170536,35.4729886
United States,Omaha,-95.9383758,41.2587459
United States,Ontario,-117.64843,34.065846
United States,Paducah,-88.6000478,37.0833893
United States,Pagosa Springs,-107.010816,37.2695661
United States,Pahala,-155.477346,19.2024436
United States,Paia,-156.3727211,20.902457
United States,Pala,-117.076696,33.3653102
United States,Palmer,-149.11109,61.5995703
United States,Payson,-111.323026,34.2406479
United States,Pearl City,-157.969428,21.4001231
United States,Peterborough,-71.949383,42.8776166
United States,Philadelphia,-75.1635262,39.9527237
United States,Phoenix,-112.074141,33.4484367
United States,Pierre,-100.351136,44.3683644
United States,Pikeville,-82.5187629,37.4792672
United States,Pinehurst,-93.7746117,30.1071543
United States,Piru,-118.7927456,34.4156137
United States,Ponca City,-97.081898,36.703647
United States,Ponce,-66.613958,18.011564
United States,Portland,-122.674194,45.5202471
United States,Portland-South Portland,-70.2529189,43.6382443
United States,Portola,-120.4695123,39.8104983
United States,Presque Isle,-68.0154578,46.6812216
United States,Prineville,-120.834972,44.2998261
United States,Providence,-71.4128343,41.8239891
United States,Provo,-111.6587085,40.2337289
United States,Pueblo,-104.6141867,38.263995
United States,Quincy,-71.0037374,42.2509914
United States,Rangely,-108.804829,40.0874759
United States,Red Lake,-95.0169402,47.876346
United States,Redding,-122.391675,40.5863563
United States,Redwood City,-122.232523,37.4863239
United States,Reno,-119.812658,39.5261788
United States,Rock Springs,-109.2194544,41.5860557
United States,Roosevelt,-95.0982082,48.8034101
United States,Rubidoux,-117.4079318,33.9964933
United States,Rumford,-70.5458422,44.5460049
United States,Saint Petersburg,-82.6359078,27.7700475
United States,Salisbury,-80.4742261,35.6709727
United States,San Andreas,-120.680487,38.1960298
United States,San Antonio,-98.4951405,29.4246002
United States,San Diego,-117.162772,32.7174202
United States,San Francisco,-122.4193286,37.7792588
United States,San Jose,-121.890591,37.3361663
United States,San Luis Obispo,-120.659615,35.2827525
United States,San Pablo,-122.3455263,37.9621457
United States,San Rafael,-122.5316686,37.9747795
United States,Sandersville,-82.8116031,32.9832812
United States,Sanford,-79.1802994,35.4798757
United States,Santa Barbara,-119.702667,34.4221319
United States,Santa Maria,-120.435857,34.9531295
United States,Santa Rosa,-122.7141049,38.4404925
United States,Savannah,-81.0921335,32.0790074
United States,Scranton,-75.6621294,41.4086874
United States,Seaford,-75.6114584,38.6413452
United States,Seattle,-122.330062,47.6038321
United States,Sebastopol,-122.824222,38.4021038
United States,Seiling,-98.9244672,36.1480287
United States,Simi Valley,-118.7538071,34.2677404
United States,Sinclair,-107.1162507,41.7791754
United States,Sioux City,-96.4058782,42.4966815
United States,Smithfield,-78.346102,35.5111996
United States,South Bend,-86.2500066,41.6833813
United States,South Valley,-106.6771244,35.0246399
United States,Sparks,-119.7487235,39.5404679
United States,Spokane,-117.42351,47.6571934
United States,Springfield,-89.6439575,39.7990175
United States,Spruce Pine,-87.7295358,34.3908072
United States,St. Cloud,-94.1642004,45.5616075
United States,St. Joseph,-88.0417048,40.1117007
United States,St. Louis,-90.1910154,38.6280278
United States,St. Michael,-162.1015224,63.4722085
United States,St. Paul,-93.0931028,44.9497487
United States,Steubenville,-80.6151034,40.3600714
United States,Stilwell,-94.6286156,35.814431
United States,Stockton,-121.290779,37.9577016
United States,Stuttgart,-91.5526281,34.5003748
United States,Sunrise Manor,-115.0452917,36.1972977
United States,Tacoma,-122.438329,47.2455013
United States,Tampa,-82.458444,27.9477595
United States,Tempe,-111.940016,33.4255117
United States,Texarkana,-94.0771483,33.4466745
United States,Thousand Oaks,-118.8375937,34.1705609
United States,Toledo,-83.5378173,41.6529143
United States,Toms River,-74.1968257,39.9526791
United States,Tooele,-112.29828,40.5307776
United States,Topeka,-95.677556,39.049011
United States,Tucson,-110.974847,32.2228765
United States,Tulsa,-95.9927516,36.1563122
United States,Tyler,-95.3010624,32.3512601
United States,Ukiah,-123.2077861,39.1501662
United States,Underhill,-72.945113,44.5254616
United States,Union Township,-85.3939213,44.6422112
United States,Vallejo,-122.2566367,38.1040864
United States,Valrico,-82.2327525,27.9378338
United States,Vernal,-109.528474,40.4556825
United States,Victorville,-117.2911565,34.5361067
United States,Vineland,-75.0254256,39.4862777
United States,Vinton,-92.0239504,42.1679131
United States,Virginia,-92.536571,47.52326
United States,Virginia Beach,-75.9760751,36.8496579
United States,Waco,-97.1474628,31.5491899
United States,Ware,-72.2397806,42.2599297
United States,Washington,-77.0365427,38.8950368
United States,Wasilla,-149.442563,61.582421600000004
United States,Waterbury,-73.0438362,41.5538091
United States,Wenden,-113.5415936,33.8225302
United States,Wheeling,-80.7209149,40.0639616
United States,Wilkinsburg,-79.8819609,40.4418068
United States,Williston,-103.621814,48.1465457
United States,Willits,-123.3555602,39.4096043
United States,Wilmington,-75.546589,39.7459468
United States,Winchester,-78.1652404,39.1852184
United States,Winona,-91.6392294,44.0500054
United States,Winston-Salem,-80.2440518,36.0998131
United States,Winter Park,-81.3510264,28.5977707
United States,Worcester,-71.8018877,42.2625621
United States,Yakima,-120.510842,46.601557
United States,York,-76.7276989,39.962493
United States,Yreka,-122.637766,41.732616
United States,Yuma,-114.6179954,32.723268
Uruguay,Montevideo,-56.1913095,-34.9058916
Uzbekistan,Tashkent,69.2787079,41.3123363
Venezuela,Barcelona,-64.6819583,10.1325951
Venezuela,Caracas,-66.9146008,10.5060934
Venezuela,Maracay,-67.5890216,10.2375144
Vietnam,Da Nang,108.212,16.068
Vietnam,Ha Long,107.0733028,20.9517043
Vietnam,Ha Noi,105.854041,21.0283334
Vietnam,Ho Chi Minh,106.7021047,10.7755254
Vietnam,Ho Chi Minh City,106.7021047,10.7755254
Vietnam,Hue,107.5863388,16.4639321
Vietnam,Nha Trang,109.1941443,12.2348769
Vietnam,Viet Tri,105.3946516,21.3135767
Australia,City Of Ipswich,153.0222261,-27.5262945
Australia,Emu River,145.8551576,-41.208404
Australia,Latrobe Valley,146.4725527,-38.2117266
Australia,Lower Hunter,151.572033,-32.7731339
Australia,Port Phillip,144.7798547,-38.1046482
Austria,Bratislava,17.1090796,48.1481356
Austria,Gemeinde Gratwein,15.3364697,47.1123821
Austria,Graz Umgebung,15.280328,47.1097664
Austria,Judendorf-Strassengel,15.3438202,47.1184762
Austria,Wien-Umgebung,16.3932315,48.2754552
Bahrain,Nabih Saleh,50.5843011,26.1823812
Bahrain,Sitra,50.6320232,26.1478317
Bangladesh,Narayangonj,90.5026334,23.6065916
Belgium,Beveren-Waas,4.2597046,51.2082712
Belgium,Oost-Vlaanderen,3.811783,51.0375423
Bhutan,Bajo,89.8863607,27.521044
Bhutan,Rinchending,89.3889819,26.8504528
Bosnia & Herzegovina,Herzegovina-Neretva Canton,17.7913282,43.2454799
Bosnia & Herzegovina,Sarajevo Canton,18.3124744,43.8539964
Bosnia & Herzegovina,Zenica-Doboj Canton,18.1666933,44.3162133
Brazil,Campinas-Centro,-47.0695233,-22.8958606
Brazil,Campos Dos Goitacazes,-46.742801,-23.6565024
Brazil,Médio Paraiba,-43.4953179,-22.2348883
Brazil,Regiao Estado Sao Paulo,-46.3772544,-23.6236525
Brazil,Regiao Metropolitana Do Rio De Janeiro,-43.0758056,-22.6395441
Brunei,Brunei-Muara District,114.9367663,4.9752098
Brunei,Temburong District,115.1634408,4.629184
Canada,Cape Breton Sydney,-60.2548401,46.2280336
Canada,Elk Island,-94.0921164,54.6906842
Canada,Wapasu,-111.6182542,53.3584399
Chile,La Quillota,-71.2872057,-32.9377042
China,Aba Zangzu Qiangzu Zizhizhou,102.2229237,31.9015694
China,Binhai Xinqu,119.9718948,35.8216297
China,Chang An Road,121.4501453,31.2434521
China,Changning Branch Road,112.3864938,26.4149842
China,Chengzhong District Liuzhou,109.4591902,24.3625789
China,Daan Qu,117.1955126,36.5408292
China,Di Wu Da Dao,114.2610656,30.4953433
China,Dongan Qu,118.6597434,28.9837432
China,Eerduosi,107.9761662,39.0831752
China,Erdos,121.7607047,31.1986704
China,Gaer Xian,91.8173187,33.7329173
China,Gangzha Qu,92.480686,28.436211
China,Greater Khingan,120.4951013,47.5683332
China,Guangan Qu,116.3679101,39.8847943
China,Guantai Road,113.7412879,23.0314865
China,Haerbin Shi,120.3918831,36.1134945
China,Hailaer,119.7356021,49.2287551
China,Hanyu Road,117.1355814,36.638007
China,Hinggan,121.4088758,46.2425485
China,Hong Kong Sar,114.1849161,22.350627
China,Hongshan District Chifeng,118.984742,42.1893903
China,Hsinchu,121.1142951,24.7136631
China,Hualien,121.6102341,23.9723989
China,Ili Kazakh,81.3271885,43.913814
China,Jianggan Qu,120.186413,30.2978818
China,"Kaifu District, Changsha",112.98083,28.1993726
China,Kaohsiung,120.2701358,22.7837233
China,Keelung,120.4117467,36.0668625
China,Keerqin Qu,122.2438519,43.5989058
China,Kinmen,118.1604472,24.3950525
China,Laiwu Shi,117.6698329,36.2150252
China,Longan Qu,107.6946613,23.1038568
China,Luxi County Jiangxi,114.0633616,27.5679253
China,Lvliang,111.1311369,37.5673957
China,Lvyuan Qu,120.8430019,32.0083442
China,Maerkang Shi,102.2176981,31.904321
China,New Taipei,121.6166609,25.1341483
China,New Taipei City,121.4319618,25.0111201
China,Nujiang,98.8571798,25.8211184
China,Penglai Shi,120.824268,37.7949103
China,Pingan Qu,116.795742,36.5964081
China,Qiandongnan,107.978748,26.5870883
China,Qiannan,107.5180339,26.257011
China,Qiqihaer Shi,123.7476806,47.4176281
China,Qiyi Road,112.4452785,34.6659416
China,Qonggyai County,91.6136163,29.0279558
China,Qu Jiang Shang Quan,121.5873118,31.2111922
China,Shenbei Xinqu,123.4857377,42.042537
China,Shuanglin Road,104.1011205,30.658293
China,Taian Shi,122.4268343,41.3785479
China,Taichung,120.6797558,24.1564156
China,Taierzhuang Qu,121.5931398,31.2544453
China,Taipei,114.1737117,22.2799826
China,Tap Mun,114.3618788,22.4757175
China,Wuerhe Qu,85.6644223,46.1128872
China,Xiacheng Qu,112.9220392,27.8089448
China,Xietu Road,121.4737677,31.2062398
China,Xigang District Dalian,121.5422474,38.8763565
China,Xilingol,116.0415202,43.9304371
China,Xilinguole Meng,116.0415202,43.9304371
China,Yangliuqing Road,121.3969077,31.238544
China,Zi Ma Ling Shang Quan,114.2380408,39.7140163
Croatia,Kopački Rit,18.8943215,45.6554137
Croatia,Općina Varaždin,16.1525126,46.3399991
Czechia,Brno-Kralovo Pole,16.596800000000002,49.2308891
Czechia,Chomutov-Jirkov,13.4380793,50.4839301
Czechia,Pardubice Vii,15.7279711,50.0434089
Egypt,Greater Cairo,31.2228134,30.0661854
Fiji,Suva City,178.4421662,-18.1415884
France,Avenue De L'europe,4.8591183,45.7403707
France,Canton De Baie Mahault,-61.6166386,16.2358506
France,Canton Du Port,-0.7026758,45.8104032
France,Cergy-Pontoise,2.071712,49.0383138
France,Corse,9.0683139,42.188098
France,Genève - Annemasse,6.2321948,46.1984255
France,Lens Lievin,2.7900006,50.4349499
Germany,Baruther Straße,13.3944012,52.4944823
Germany,Bezirk Charlottenburg-Wilmersdorf,13.3086127,52.5171501
Germany,Bezirk Friedrichshain-Kreuzberg,13.38552,52.4936179
Germany,Bezirk Neukölln,13.5106603,52.4135367
Germany,Bezirk Pankow,13.402565,52.5690365
Germany,Bezirk Reinickendorf,13.28106,52.5920204
Germany,Bezirk Spandau,13.2013617,52.5346174
Germany,Bezirk Steglitz-Zehlendorf,13.2579276,52.4333045
Germany,Bezirk Tempelhof-Schöneberg,13.4058462,52.3947466
Germany,Camburger Straße,11.0025072,51.0176573
Germany,Dessau-Rosslau,12.2312238,51.8465924
Germany,Hortenkopf,7.8273287,49.2704455
Germany,Lüneburger Heide,10,53
Germany,Rems-Murr-Kreis,9.5037124,48.8966799
Germany,Theodor-Tantzen-Platz,8.2021558,53.138562
Greece,Evritania,21.6787054,38.965893
Greece,Fokida,22.2490416,38.5001712
Greece,Oinofyta,23.6338169,38.3070312
India,Assanora,73.810298,15.5890737
India,Bonaigarh,84.356932,21.7474264
India,Chitoor,80.2665477,13.0929104
India,Chungthang,88.5211163,27.8121896
India,Howrah Kolkata,88.3469761,22.5850528
India,Jaito Sarja,75.197441,31.7467253
India,Kundaim,73.961307,15.4597358
India,Marmagao,73.7927485,15.4109419
India,Nalgonda,79.2174935,16.8579636
India,Pimpri-Chinchwad,73.8009829,18.6279288
India,R.c.puram,78.284427,17.5119542
India,Rishra,88.3434353,22.7247059
India,Saraikela Kharsawan,85.9168929,22.7464225
India,South Suburban,88.3214307,22.5097756
India,Thissur,76.1468689,10.4981545
India,Tribeni,88.3982606,22.990303
India,Umiam,91.8888976,25.6519296
India,Vijaywada,78.600021,17.3279824
India,Wayanad,76.1271185,11.7151291
India,West Singhbhum,85.5317483,22.4282857
Iran,Robatkarim,51.3855929,35.6603901
Iran,Shahinshahr,51.5273149,32.8604273
Iran,Yasoj,51.3199462,30.8841867
Ireland,Banbridge,-6.2714623,54.3514168
Ireland,Mace Head,-9.9067479,53.3252684
Israel,Kibbutz Erez,34.580963,31.555719
Israel,Park_hacarmel,35.0004943,32.7050266
Israel,Sde Yo'av,34.680604,31.647119
Italy,Bormida Genepro,8.2021565,44.3886841
Italy,Pedagne,18.0010742,40.6538084
Japan,Fukuoka City,130.3797313,33.583939
Japan,Gifu City,136.7309535,35.4039099
Japan,Hachioji City,139.3160567,35.6664119
Japan,Kagoshima City,130.5534229,31.5958105
Japan,Kyoto City,135.7710041,35.0178192
Japan,Niigata City,139.0420715,37.9284327
Japan,Okayama City,133.934919,34.661752
Japan,Okinawa City,127.7903201,26.3324313
Japan,Sapporo City,141.3432263,42.9448727
Japan,Shizuoka City,138.3834068,34.97496
Japan,Yokohama City,139.6342996,35.4506678
Kuwait,Ahmadi Governorate,48.1652377,28.8538571
Kuwait,Al Fahaheel,48.0501302,29.3176469
Kuwait,Al Mansouriya,47.9998234,29.3573994
Kuwait,Al Salam,47.99188,29.2903466
Kuwait,Capital Governorate,47.9734174,29.3796532
Kuwait,Hawali Governorate,48.0271122,29.3551162
Kuwait,Jahra Governorate,47.2801569,29.3655294
Lebanon,Baalbak,36.3134617,34.168333
Malaysia,Pulau Pinang,100.2559077,5.4065013
Mauritius,"Bramsthan, Flacq",57.7366354,-20.212125
Mexico,Tlalnepantla De Baz,-99.1899352,19.5464902
Mexico,Zona Metropolitana De Guadalajara,-103.443623,20.469106
Myanmar (Burma),Pyay-Aunglan,95.6518402,19.1819477
Nepal,Embassy Kathmandu,85.3239607,27.7277227
Nepal,Kathmandu Valley,85.3636287,27.6413905
New Zealand,Ashburton District,171.3930325,-43.6428208
New Zealand,Buller District,172.0330769,-41.6494314
New Zealand,Central Otago District,169.6328954,-45.1308846
New Zealand,Christchurch City,172.7937209,-43.6410976
New Zealand,Clutha District,169.6604686,-46.0403769
New Zealand,Dunedin City,170.2288311,-45.6404484
New Zealand,Far North District,173.5398677,-35.0344388
New Zealand,Gisborne District,177.9079819,-38.2528953
New Zealand,Hastings District,176.6134018,-39.3740625
New Zealand,Hawkes Bay,176.8643332,-39.6253576
New Zealand,Lower Hutt City,174.9898129,-41.285314
New Zealand,Marlborough District,173.602877,-41.6883493
New Zealand,Matamata-Piako District,175.6523139,-37.6843364
New Zealand,Napier City,176.8595587,-39.4793693
New Zealand,Otorohanga District,175.4330683,-38.2286614
New Zealand,Queenstown-Lakes District,168.7741626,-44.6615078
New Zealand,Rangitikei District,175.8370871,-39.7154551
New Zealand,Rotorua District,176.3579263,-38.2457586
New Zealand,Ruapehu District,175.3407024,-39.0882719
New Zealand,South Waikato District,175.8479833,-38.1656176
New Zealand,Southland,167.6068483,-45.9254266
New Zealand,Tasman District,172.9099384,-41.4017095
New Zealand,Taupo District,176.1100967,-38.7993662
New Zealand,Thames-Coromandel District,175.6213223,-36.8833784
New Zealand,Waimakariri District,172.2356715,-43.2075469
New Zealand,Waipa District,175.3819704,-37.9839093
New Zealand,Waitaki District,170.1858919,-44.6831306
New Zealand,Waitomo District,175.0704836,-38.4298436
New Zealand,Whakatane District,176.8977628,-38.3427171
New Zealand,Whangarei District,174.1391435,-35.6942099
Norway,Drammensveien,10.6768372,59.9214985
Pakistan,Lahore - Johar Town,74.2657649,31.4707072
Philippines,City Of Malabon,120.9601897,14.6538484
Philippines,Dagupan City,120.3341895,16.0431812
Philippines,Muntinlupa City,121.0434844,14.4187737
Philippines,Nia Road,121.0417217,14.6431144
Philippines,Pateros City,121.0538024,14.4894066
Poland,Jeleniogorski,15.5556219,50.874485
Poland,Osada Borsukowizna,23.6487103,53.2188439
Poland,Pleszewski,17.8248007,51.9254229
Poland,Tucholski,17.9249005,53.5815262
Portugal,"Porto, Porto Litoral",-8.7028404,41.2887531
Romania,Moravia,11.1922141,44.6275057
Saudi Arabia,Al Jubail,46.9675034,24.6869065
Saudi Arabia,Al-Hafouf,46.8411944,24.726355
Saudi Arabia,Dharan,50.1247604,26.3087508
Saudi Arabia,Makkah Region,41.4996029,21.6698063
Saudi Arabia,Riyadh Region,45.333333,23.333333
South Africa,Bojanala Platinum,27.1947725,-25.43043
South Africa,City Of Cape Town,18.5486465,-33.9147983
South Africa,City Of Tshwane,28.3027886,-25.5939682
South Africa,Dr Kenneth Kaunda,26.4477617,-26.884085
South Africa,Fezile Dabi,27.7783256,-27.4753889
South Africa,Gert Sibande,29.642084,-26.60893
South Africa,Greater Sekhukhune,29.4584829,-24.856745
South Africa,Mangaung Metropolitan,26.3531687,-29.14687
South Africa,Middleburg,31.4253825,-28.2878481
South Africa,Namakwa,19.94219,-30.488841
South Africa,Ngaka Modiri Molema,25.7540633,-25.8022586
South Africa,Nkangala,29.8385392,-25.642815
South Africa,Umkhanyakude,32.3027758,-27.6622207
South Africa,Uthungulu,32.0502206,-28.7503557
South Korea,Chungbuk,127.4915,36.6357
South Korea,Chungcheongbuk Do,127.4915,36.6357
South Korea,Chungcheongnam-Do,126.6729,36.6593
South Korea,Gangwon-Do,127.7297,37.885
South Korea,Gyeongbuk,128.5058,36.5754
South Korea,Gyeongsangbuk,128.5058,36.5754
South Korea,Gyeongsangnam-Do,128.6925,35.2382
South Korea,Jeju-Do,126.4987083,33.4887737
South Korea,Jeollabuk Do,127.109,35.8198999
South Korea,Jeollanam-Do,126.4629,34.8159
Spain,Biscay,-2.8516316,43.238482
Spain,Ciutadella De Menorca,3.8285693,39.9884294
Spain,Igueste De Candelaria,-16.3737549,28.3824231
Spain,Illes Balears,2.8829185,39.613432
Spain,Trepuco,4.2650534,39.8808431
Sweden,Bores,18.1326294,59.4611978
Switzerland,Jungfraujoch,7.9789741,46.5475788
Trinidad & Tobago,Signal Hill Tobago,-60.76349,11.1794289
Turkey,Bakırcı Mahallesi,41.2726047,39.9090342
Turkey,K.maras,36.5166785,37.7292058
United Kingdom,Bishops Moat,0.1425505,51.6404615
United Kingdom,Saint Osyth,1.0790403,51.7980757
United States,Aberdeen Sd,-98.487813,45.4649805
United States,Adrian Mi,-84.0373054,41.8975152
United States,Albany Ga,-82.8454872,40.0550773
United States,Albany Schenectady Troy Ny,-73.7741253,42.7557805
United States,Albany-Schenectady-Troy,-73.7741253,42.7557805
United States,Alexandria La,-80.7771465,35.1161429
United States,"Anderson, In",-85.6802541,40.1053196
United States,Ann Arbor Mi,-83.7484616,42.2813722
United States,Asheville Nc,-82.5508407,35.595363
United States,Athens Oh,-82.0609557,39.3575616
United States,Atlantic City Hammonton Nj,-74.8109237,39.601987
United States,Augusta-Richmond County,-81.9748429,33.4709714
United States,Austin-Round Rock,-97.6833142,30.5093835
United States,Bakersfield Ca,-119.019463,35.3738712
United States,"Bangor, Me",-68.7713289,44.8016255
United States,Baraboo Wi,-89.7437844,43.4704014
United States,Baton Rouge La,-82.5022781,28.2973129
United States,Bay City Mi,-83.8881711,43.5962107
United States,Beaumont-Port Arthur,-93.9704636,29.9434663
United States,Beaver Dam Wi,-88.837329,43.4577692
United States,"Beckley, Wv",-81.1881557,37.7781702
United States,"Bellingham, Wa",-122.478836,48.7544012
United States,"Bend, Or",-121.3153096,44.0581728
United States,Bennington Vt,-73.1968205,42.8788667
United States,Birmingham Hoover Al,-86.8212771,33.3680656
United States,Birmingham-Hoover,-86.811332,33.3719889
United States,Bishop Ca,-118.39524,37.363679
United States,Bismarck Nd,-100.783739,46.808327
United States,Bloomington In,-86.5342881,39.1670396
United States,Boise City Id,-116.200886,43.6166163
United States,"Boone, Nc",-81.684004,36.2187873
United States,Boulder Co,-105.3632079,40.102555
United States,"Bowling Green, Ky",-86.4428677,36.9929203
United States,"Bozeman, Mt",-111.044047,45.6794293
United States,"Bradenton-Sarasota-Venice, Fl",-82.4076654,27.0615171
United States,"Brigham City, Ut",-112.0154991,41.5110434
United States,"Brookings, Sd",-96.79844,44.311461
United States,"Brownsville-Harlingen, Tx",-97.5098892,25.9738093
United States,Brunswick Ga,-81.4914894,31.1499528
United States,"Buffalo-Niagara Falls, Ny",-78.9788046,43.073768
United States,Burlington South Burlington Vt,-73.1514614,44.4728965
United States,Butte-Silver Bow,-112.536508,46.0131505
United States,Cadillac Mi,-85.4011619,44.2519526
United States,"Camden, Nj",-75.1198911,39.9448402
United States,Canon City Co,-105.2348795,38.4422506
United States,Cape Coral-Fort Myers,-81.9447336,26.5621773
United States,Casper Wy,-122.3466959,38.306581
United States,Cedar Rapids Ia,-91.6704053,41.9758872
United States,Central Mckenzie,-79.9219838,33.917439
United States,"Champaign-Urbana, Il",-88.241194,40.1157948
United States,Charleston North Charleston Sc,-79.9982992,32.8746988
United States,Charleston Wv,-81.6332812,38.3505995
United States,Charlottesville Va,-78.4766781,38.029306
United States,Chattanooga Tn Ga,-85.343951,34.93021
United States,Cheyenne Wy,-83.7994663,32.8117725
United States,Chico Ca,-121.8458726,39.7234914
United States,Claremont-Lebanon,-72.3099114,43.6495954
United States,Clarksburg Wv,-80.3445341,39.2806451
United States,Clarksville Tn Ky,-87.2918229,36.6837373
United States,"Clearlake, Ca",-122.626372,38.9582307
United States,Cleveland Elyria Oh,-82.0760783,41.3777828
United States,Clinton Ia,-90.5599971,41.9054695
United States,Colorado Springs Co,-104.825348,38.8339578
United States,Columbia Sc,-81.0352313,34.000754
United States,Columbus Ga Al,-84.9882384,32.4839732
United States,"Concord, Nh",-71.537476,43.207178
United States,"Cookeville, Tn",-85.4997057,36.1623886
United States,Corning Ny,-77.0543408,42.1435257
United States,Corpus Christi Tx,-97.4033191,27.7635302
United States,Corsicana Tx,-96.464675,32.0938236
United States,Dallas-Fort Worth-Arlington,-97.1603884,32.7600868
United States,Dayton Oh,-84.1916069,39.7589478
United States,Decatur Al,-86.86868,33.5110495
United States,Dickinson Nd,-102.7896242,46.8791756
United States,Dodge City Ks,-100.0170787,37.7527982
United States,Dothan Al,-85.3934375,31.2237285
United States,Dover De,-75.5243682,39.158168
United States,Duluth Mn Wi,-88.0047592,42.9760553
United States,Durango Co,-107.8766,37.2769484
United States,"Durham, Nc",-78.9018053,35.996653
United States,"Dyersburg, Tn",-89.3857496,36.0346393
United States,"East Stroudsburg, Pa",-75.1812913,40.9995386
United States,Eau Claire Wi,-91.4984941,44.811349
United States,"Edison-New Brunswick, Nj",-74.3615873,40.5261424
United States,El Centro Ca,-115.563051,32.792
United States,El Dorado Ar,-92.6650144,33.2115087
United States,El Paso Tx,-106.4870404,31.7601164
United States,Elkhart Goshen In,-85.8395462,41.5895184
United States,Erie Pa,-80.0852695,42.1294712
United States,Evanston Wy,-94.4678429,38.9629055
United States,Fairbanks Ak,-147.716675,64.837845
United States,Fairmont Wv,-80.1425781,39.4850848
United States,Fargo Nd Mn,-96.7914886,46.8317305
United States,Farmington Nm,-108.205445,36.7291152
United States,Fayetteville Nc,-78.9304694,35.0300471
United States,"Flagstaff, Az",-111.651822,35.1987522
United States,Flint Mi,-83.6900211,43.0161693
United States,Florence Sc,-79.7671658,34.1984435
United States,Fort Collins Co,-105.0770113,40.5871782
United States,Fort Collins-Loveland,-105.0089074,40.4479377
United States,Fort Payne Al,-85.7196893,34.4442547
United States,Fort Smith Ar Ok,-94.4399375,35.3970354
United States,"Fort Worth-Arlington, Tx",-97.3247183,32.7499124
United States,"Frankfort, Ky",-84.8732836,38.2009055
United States,Fresno Ca,-119.782872,36.738324
United States,Gadsden Al,-86.7846438,33.5663225
United States,Gainesville Ga,-83.8240663,34.2978794
United States,"Gary, In",-87.3373495,41.6045061
United States,Georgetown Sc,-79.3343041,33.4392245
United States,Gettysburg Pa,-77.231012,39.8308973
United States,Gillette Wy,-93.209906,44.696396
United States,Glenwood Springs Co,-107.3246941,39.5466381
United States,"Goldsboro, Nc",-77.9927651,35.3848841
United States,Grand Island Ne,-98.338685,40.924271
United States,Grand Junction Co,-108.56448,39.0672568
United States,Grand Rapids Wyoming Mi,-85.703125,42.9220883
United States,Grand Rapids-Wyoming,-85.6818967,42.8853042
United States,Grants Pass Or,-123.3272489,42.4393707
United States,"Great Falls, Mt",-111.29189,47.5048851
United States,Greeley Co,-101.8185007,38.4570355
United States,Green Bay Wi,-88.0125794,44.5126379
United States,"Grenada, Ms",-89.7674875,33.772401
United States,Gulfport-Biloxi,-89.071433,30.4071138
United States,Hammond La,-157.9203014,21.3392074
United States,"Harriman, Tn",-84.5524359,35.9339639
United States,Harrisburg Carlisle Pa,-77.1786068,40.2125149
United States,Harrisburg-Carlisle,-77.1786068,40.2125149
United States,"Hattiesburg, Ms",-89.2903392,31.3271189
United States,Helena Mt,-112.036277,46.5927425
United States,Hilo Hi,-155.1003754,19.6854458
United States,Hobbs Nm,-103.1355302,32.7027017
United States,Holland Mi,-86.1090828,42.7876022
United States,"Homosassa Springs, Fl",-82.5759329,28.8035939
United States,Hot Springs Ar,-93.0552437,34.5038393
United States,Huntington-Ashland,-82.3174295,40.8689444
United States,Huntsville Al,-86.8010317,33.5599563
United States,Iowa City Ia,-91.5299106,41.6612561
United States,Jackson Wy Id,-116.5989415,43.6303957
United States,"Jackson, Ms",-90.1830408,32.2998686
United States,"Jackson, Tn",-88.8177418,35.6144446
United States,Jacksonville Fl,-81.655651,30.3321838
United States,Johnstown Pa,-78.9219698,40.3267407
United States,Juneau Ak,-134.4196751,58.3019613
United States,"Kalamazoo-Portage, Mi",-85.5636271,42.2459106
United States,Kalispell Mt,-114.315321,48.202158
United States,Kansas City Mo Ks,-94.6078689,39.0643316
United States,Kapaa Hi,-159.3191601,22.0747334
United States,Keene Nh,-72.2784264,42.933597
United States,"Kinston, Nc",-77.5816353,35.2626635
United States,Klamath Falls Or,-121.78167,42.224867
United States,"Kokomo, In",-86.1336351,40.4864444
United States,"La Grande, Or",-118.0878695,45.3246068
United States,Laconia Nh,-71.470351,43.5278546
United States,"Lafayette, In",-86.8919011,40.4191229
United States,Lake Charles La,-81.2665573,29.6175088
United States,"Lake County-Kenosha County, Il-Wi",-88.0686531,42.5022887
United States,Lancaster Pa,-76.3056707,40.0379958
United States,"Lansing-East Lansing, Mi",-84.4721678,42.7320307
United States,Laramie Wy,-117.0706137,32.8060087
United States,Las Cruces Nm,-106.779807,32.3140354
United States,Las Vegas Henderson Paradise Nv,-115.1006109,36.0234665
United States,"Laurel, Ms",-89.1306124,31.6940509
United States,"Lawrenceburg, Tn",-87.3347389,35.2423023
United States,Lebanon Pa,-76.4626118,40.375713
United States,"Lebanon, Nh-Vt",-73.2122317,42.89078
United States,Lewiston Auburn Me,-70.2831663,44.0480829
United States,Lexington Fayette Ky,-84.4970393,38.0464066
United States,Lima Oh,-84.105006,40.7399785
United States,"Logan, Ut-Id",-111.7250852,41.7528599
United States,Longview Tx,-94.74049,32.5007031
United States,"Lubbock, Tx",-101.8470215,33.5855677
United States,"Lumberton, Nc",-79.008205,34.6183305
United States,Lynchburg Va,-79.1422464,37.4137536
United States,Macon Ga,-83.6324022,32.8406946
United States,Madawaska (Na),-68.2359595,47.2840565
United States,Madera Ca,-119.7737991,37.1716264
United States,Madison Wi,-89.3837613,43.074761
United States,Manchester Nashua Nh,-71.468646,42.7694613
United States,Manchester-Nashua,-71.468646,42.7694613
United States,"Manitowoc, Wi",-87.827992,44.0998341
United States,"Marshall, Tx",-94.3661004,32.5447756
United States,Mcalester Ok,-95.7697934,34.9334981
United States,"Medford, Or",-122.8718605,42.3264181
United States,"Meridian, Ms",-88.703656,32.3643098
United States,Miami Ok,-94.877374,36.8746177
United States,"Michigan City-La Porte, In",-86.8946587,41.7099264
United States,Middlesborough Ky,-83.7143317,36.6072968
United States,Missoula Mt,-113.995267,46.8701049
United States,Modesto Ca,-120.9968892,37.6393419
United States,Monroe La,-72.641709,41.7517711
United States,"Monroe, Mi",-83.5135665,41.9153358
United States,Montgomery Al,-86.8092685,33.8101065
United States,Morgantown Wv,-79.9559437,39.6296809
United States,"Mount Vernon, Il",-88.9031201,38.3172715
United States,Muncie In,-85.3865271,40.1936892
United States,"Muscatine, Ia",-91.1210053,41.4776121
United States,"Muskegon-Norton Shores, Mi",-86.2058909,43.1691698
United States,Muskogee Ok,-95.3927706,35.6630196
United States,"Napa, Ca",-122.3218414,38.4898675
United States,"Nassau-Suffolk, Ny",-73.4674297,40.6715957
United States,"Natchez, Ms-La",-91.4061856,31.5508847
United States,New Castle In,-85.3702477,39.9289351
United States,New Haven Milford Ct,-73.0213762,41.2270146
United States,New Haven-Milford,-73.0213762,41.2270146
United States,New Orleans Metairie La,-90.1233412,30.0209542
United States,"Niles-Benton Harbor, Mi",-86.44492,42.1043595
United States,Nogales Az,-110.936081,31.3402134
United States,"Norwich-New London, Ct",-72.0759008,41.5243537
United States,"Odessa, Tx",-102.367687,31.8457149
United States,Ogden Clearfield Ut,-112.0155213,41.1227466
United States,Omaha-Council Bluffs,-95.8279252,41.2179694
United States,Orlando-Kissimmee,-81.5840261,28.3311954
United States,Owensboro Ky,-87.1133304,37.7742152
United States,Pahrump Nv,-116.0260261,36.204178
United States,Palatka Fl,-81.6372111,29.6487882
United States,"Pascagoula, Ms",-88.5585995,30.3646795
United States,"Peabody, Ma",-70.9286609,42.5278731
United States,Pensacola-Ferry Pass-Brent,-87.2245766,30.4878656
United States,"Peoria, Il",-89.5891008,40.6938609
United States,Pinehurst (Na),-79.4692796,35.1951981
United States,"Pittsburgh, Pa",-79.9900861,40.4416941
United States,"Pittsfield, Ma",-73.2541069,42.4484778
United States,"Platteville, Wi",-90.4784451,42.7342942
United States,Pocatello Id,-112.450627,42.8620287
United States,"Port St. Lucie, Fl",-80.3503283,27.2939333
United States,Portsmouth Oh,-82.9962742,38.7345374
United States,"Prescott, Az",-112.468812,34.539984
United States,"Quincy, Il-Mo",-91.4239332,39.9306007
United States,Raleigh Nc,-78.6390989,35.7803977
United States,Raleigh-Cary,-78.7437075,35.7896452
United States,Rapid City Sd,-103.228023,44.0806041
United States,Reading Pa,-75.9279495,40.335345
United States,"Red Bluff, Ca",-122.235923,40.1784279
United States,Redding Ca,-122.391675,40.5863563
United States,Reno-Sparks,-119.7912686,39.4855431
United States,Richmond Va,-77.4612515,37.5578678
United States,Richmond-Berea,-84.2838315,37.5872988
United States,Riverside San Bernardino Ontario Ca,-117.6198401,34.0195363
United States,Riverside-San Bernardino-Ontario,-117.6198401,34.0195363
United States,Riverton Wy,-121.5318806,38.5147963
United States,"Roanoke, Va",-79.9414313,37.270973
United States,Rochester Mn,-92.4630182,44.0234387
United States,"Rochester, Ny",-77.615214,43.157285
United States,"Rockford, Il",-89.093966,42.2713945
United States,"Rocky Mount, Nc",-77.7956949,35.9423833
United States,"Rome, Ga",-85.1646726,34.257038
United States,"Russellville, Ar",-93.1337856,35.2784173
United States,Rutland Vt,-72.9724768,43.6084792
United States,Salinas Ca,-121.6570884,36.6793004
United States,Salt Lake City Ut,-111.886797,40.7596198
United States,San Antonio New Braunfels Tx,-98.1469385,29.683915
United States,San Diego Carlsbad Ca,-117.3532234,33.1614043
United States,Santa Cruz Watsonville Ca,-121.8137371,36.9155318
United States,"Santa Fe, Nm",-105.938456,35.6876096
United States,Santa Rosa Ca,-122.7141049,38.4404925
United States,"Sault Ste. Marie, Mi",-84.3476583,46.4976734
United States,"Savannah, Ga",-81.0921335,32.0790074
United States,Scottsbluff Ne,-103.6627088,41.862302
United States,"Searcy, Ar",-92.7098744,35.9018987
United States,"Seneca, Sc",-82.9527288,34.6865321
United States,Sheridan Wy,-121.3258418,38.0086533
United States,Show Low Az,-110.029832,34.2542084
United States,Shreveport-Bossier City La,-93.6987434,32.4928774
United States,Sierra Vista Douglas Az,-104.761645,39.5514939
United States,Sierra Vista-Douglas,-104.761645,39.5514939
United States,"Silver City, Nm",-108.2764164,32.7711825
United States,Sioux Falls Sd,-96.7293629,43.5476008
United States,Somerset Ky,-84.6041084,37.0920222
United States,Spartanburg Sc,-81.9320157,34.9498007
United States,Springfield Ma,-72.5886727,42.1018764
United States,Springfield Oh,-83.810138,39.9234046
United States,"Springfield, Ma",-72.5886727,42.1018764
United States,St Cloud Mn,-94.1642004,45.5616075
United States,St Louis Mo Il,-90.073384,38.7469361
United States,"St. George, Ut",-113.584131,37.104153
United States,State College Pa,-77.8616386,40.7944504
United States,Steamboat Springs Co,-106.831735,40.4848003
United States,Stockton-Lodi,-121.3935151,38.1145396
United States,Syracuse Ny,-76.1474244,43.0481221
United States,"Tacoma, Wa",-122.438329,47.2455013
United States,Talladega-Sylacauga,-86.244061,33.1826851
United States,Tallahassee Fl,-84.2809332,30.4380832
United States,Terre Haute In,-87.4139119,39.4667025
United States,"Texarkana, Tx-Texarkana, Ar",-94.0425556,33.4201041
United States,"Thomasville-Lexington, Nc",-80.1994271,35.8693533
United States,Toledo Oh,-83.5378173,41.6529143
United States,Topeka Ks,-95.677556,39.049011
United States,Torrington Ct,-86.8912384,36.1107848
United States,Trenton Nj,-74.7659,40.2203074
United States,Trenton-Ewing,-74.8161747,40.2679113
United States,Truckee-Grass Valley,-120.0201834,38.8097333
United States,Tulsa Ok,-95.9927516,36.1563122
United States,"Tupelo, Ms",-88.7033859,34.2576067
United States,Tuscaloosa Al,-86.8489449,33.4952419
United States,Ukiah Ca,-123.2077861,39.1501662
United States,Urban Honolulu Hi,-157.975819,21.3936552
United States,Valdosta Ga,-83.2784851,30.8327022
United States,Vernal Ut,-109.528474,40.4556825
United States,"Vincennes, In",-87.5286325,38.6772691
United States,Warner Robins Ga,-83.606568,32.6200973
United States,Waterloo-Cedar Falls,-92.3940616,42.5577097
United States,Watertown Sd,-97.115289,44.899211
United States,Weirton Steubenville Wv Oh,-80.6220184,40.3978457
United States,Weirton-Steubenville,-80.6220184,40.3978457
United States,"Wenatchee, Wa",-120.310349,47.4234599
United States,West Mercer,-80.009153,41.4654399
United States,Wheeling Wv Oh,-80.8525981,40.1069506
United States,Wichita Ks,-97.3375448,37.6922361
United States,Winchester Va Wv,-78.3894505,39.1831596
United States,Worcester Ma Ct,-72.0100291,42.0270225
United States,Yakima Wa,-120.510842,46.601557
United States,York Hanover Pa,-76.9492226,39.856169
United States,"Yuba City, Ca",-121.6169108,39.1404477
United States,Yuma Az,-114.6179954,32.723268
Venezuela,Barcelona-Puerto La Cruz,-64.6589093,10.1824332
